M	.github/workflows/tests.yml
M	.gitignore
A	.standards/CONTEXT.md
M	.standards/STATE.md
A	.standards/docs/development/integrate-actual-learning-progressions-20261001T162834Z-142f2df1.md
A	.standards/docs/documentation/integrate-actual-learning-progressions-20261001T162834Z-142f2df1-check-examples.py
A	.standards/docs/documentation/integrate-actual-learning-progressions-20261001T162834Z-142f2df1-command-results.json
A	.standards/docs/documentation/integrate-actual-learning-progressions-20261001T162834Z-142f2df1-example-command.json
A	.standards/docs/documentation/integrate-actual-learning-progressions-20261001T162834Z-142f2df1-example-results.json
A	.standards/docs/documentation/integrate-actual-learning-progressions-20261001T162834Z-142f2df1-final-commands.json
A	.standards/docs/documentation/integrate-actual-learning-progressions-20261001T162834Z-142f2df1-final-inputs.json
A	.standards/docs/documentation/integrate-actual-learning-progressions-20261001T162834Z-142f2df1-fresh-build-result.json
A	.standards/docs/documentation/integrate-actual-learning-progressions-20261001T162834Z-142f2df1-inputs.json
A	.standards/docs/documentation/integrate-actual-learning-progressions-20261001T162834Z-142f2df1-render-link-initial-command.json
A	.standards/docs/documentation/integrate-actual-learning-progressions-20261001T162834Z-142f2df1.md
A	.standards/docs/documentation/recovery-20261003/commands.json
A	.standards/docs/documentation/recovery-20261003/corrected-examples-command.json
A	.standards/docs/documentation/recovery-20261003/entry-inputs.json
A	.standards/docs/documentation/recovery-20261003/example-results.json
A	.standards/docs/documentation/recovery-20261003/final-inputs.json
A	.standards/docs/documentation/recovery-20261003/original-parser-command.json
A	.standards/docs/documentation/recovery-20261003/prior-check-examples.py
A	.standards/docs/documentation/recovery-20261003/prior-documentation.json
A	.standards/docs/documentation/recovery-20261003/reconciliation.json
A	.standards/docs/documentation/recovery-20261003/strict-build-command.json
A	.standards/docs/reviews/integrate-actual-learning-progressions-20261001T162834Z-142f2df1/check-final-current-examples.py
A	.standards/docs/reviews/integrate-actual-learning-progressions-20261001T162834Z-142f2df1/check-final-distribution.py
A	.standards/docs/reviews/integrate-actual-learning-progressions-20261001T162834Z-142f2df1/check-final-examples.py
A	.standards/docs/reviews/integrate-actual-learning-progressions-20261001T162834Z-142f2df1/check-final-receipts.py
A	.standards/docs/reviews/integrate-actual-learning-progressions-20261001T162834Z-142f2df1/check-implementation-recovery.py
A	.standards/docs/reviews/integrate-actual-learning-progressions-20261001T162834Z-142f2df1/final-current-example-results.json
A	.standards/docs/reviews/integrate-actual-learning-progressions-20261001T162834Z-142f2df1/final-current-examples.command.json
A	.standards/docs/reviews/integrate-actual-learning-progressions-20261001T162834Z-142f2df1/final-current-examples.stderr
A	.standards/docs/reviews/integrate-actual-learning-progressions-20261001T162834Z-142f2df1/final-current-examples.stdout
A	.standards/docs/reviews/integrate-actual-learning-progressions-20261001T162834Z-142f2df1/final-deliverable.md
A	.standards/docs/reviews/integrate-actual-learning-progressions-20261001T162834Z-142f2df1/final-distribution.json
A	.standards/docs/reviews/integrate-actual-learning-progressions-20261001T162834Z-142f2df1/final-evidence-index.json
A	.standards/docs/reviews/integrate-actual-learning-progressions-20261001T162834Z-142f2df1/final-examples.command.json
A	.standards/docs/reviews/integrate-actual-learning-progressions-20261001T162834Z-142f2df1/final-examples.stderr
R100	backend/tests/kgfegmcp/.gitkeep	.standards/docs/reviews/integrate-actual-learning-progressions-20261001T162834Z-142f2df1/final-examples.stdout
A	.standards/docs/reviews/integrate-actual-learning-progressions-20261001T162834Z-142f2df1/final-inputs.json
A	.standards/docs/reviews/integrate-actual-learning-progressions-20261001T162834Z-142f2df1/final-receipts.json
A	.standards/docs/reviews/integrate-actual-learning-progressions-20261001T162834Z-142f2df1/final-recovery/check-current-evidence-initial.py
A	.standards/docs/reviews/integrate-actual-learning-progressions-20261001T162834Z-142f2df1/final-recovery/check-current-evidence.py
A	.standards/docs/reviews/integrate-actual-learning-progressions-20261001T162834Z-142f2df1/final-recovery/check-saved-examples.py
A	.standards/docs/reviews/integrate-actual-learning-progressions-20261001T162834Z-142f2df1/final-recovery/current-evidence-rechecked.command.json
A	.standards/docs/reviews/integrate-actual-learning-progressions-20261001T162834Z-142f2df1/final-recovery/current-evidence-rechecked.stderr
A	.standards/docs/reviews/integrate-actual-learning-progressions-20261001T162834Z-142f2df1/final-recovery/current-evidence-rechecked.stdout
A	.standards/docs/reviews/integrate-actual-learning-progressions-20261001T162834Z-142f2df1/final-recovery/current-evidence.command.json
A	.standards/docs/reviews/integrate-actual-learning-progressions-20261001T162834Z-142f2df1/final-recovery/current-evidence.stderr
A	.standards/docs/reviews/integrate-actual-learning-progressions-20261001T162834Z-142f2df1/final-recovery/current-evidence.stdout
A	.standards/docs/reviews/integrate-actual-learning-progressions-20261001T162834Z-142f2df1/final-recovery/entry-inputs.json
A	.standards/docs/reviews/integrate-actual-learning-progressions-20261001T162834Z-142f2df1/final-recovery/evidence-index.json
A	.standards/docs/reviews/integrate-actual-learning-progressions-20261001T162834Z-142f2df1/final-recovery/example-checker-binding.json
A	.standards/docs/reviews/integrate-actual-learning-progressions-20261001T162834Z-142f2df1/final-recovery/example-results.json
A	.standards/docs/reviews/integrate-actual-learning-progressions-20261001T162834Z-142f2df1/final-recovery/gate-check.json
A	.standards/docs/reviews/integrate-actual-learning-progressions-20261001T162834Z-142f2df1/final-recovery/gate-diff.stderr
A	.standards/docs/reviews/integrate-actual-learning-progressions-20261001T162834Z-142f2df1/final-recovery/gate-diff.stdout
A	.standards/docs/reviews/integrate-actual-learning-progressions-20261001T162834Z-142f2df1/final-recovery/gate-evidence.stderr
A	.standards/docs/reviews/integrate-actual-learning-progressions-20261001T162834Z-142f2df1/final-recovery/gate-evidence.stdout
A	.standards/docs/reviews/integrate-actual-learning-progressions-20261001T162834Z-142f2df1/final-recovery/gate-workflow.stderr
A	.standards/docs/reviews/integrate-actual-learning-progressions-20261001T162834Z-142f2df1/final-recovery/gate-workflow.stdout
A	.standards/docs/reviews/integrate-actual-learning-progressions-20261001T162834Z-142f2df1/final-recovery/prior-final-review.json
A	.standards/docs/reviews/integrate-actual-learning-progressions-20261001T162834Z-142f2df1/final-recovery/run-checks.py
A	.standards/docs/reviews/integrate-actual-learning-progressions-20261001T162834Z-142f2df1/final-recovery/saved-examples.command.json
A	.standards/docs/reviews/integrate-actual-learning-progressions-20261001T162834Z-142f2df1/final-recovery/saved-examples.stderr
A	.standards/docs/reviews/integrate-actual-learning-progressions-20261001T162834Z-142f2df1/final-recovery/saved-examples.stdout
A	.standards/docs/reviews/integrate-actual-learning-progressions-20261001T162834Z-142f2df1/final-recovery/strict-build.command.json
A	.standards/docs/reviews/integrate-actual-learning-progressions-20261001T162834Z-142f2df1/final-recovery/strict-build.stderr
A	.standards/docs/reviews/integrate-actual-learning-progressions-20261001T162834Z-142f2df1/final-recovery/strict-build.stdout
A	.standards/docs/reviews/integrate-actual-learning-progressions-20261001T162834Z-142f2df1/final-strict-build.command.json
A	.standards/docs/reviews/integrate-actual-learning-progressions-20261001T162834Z-142f2df1/final-strict-build.stderr
A	.standards/docs/reviews/integrate-actual-learning-progressions-20261001T162834Z-142f2df1/final-strict-build.stdout
A	.standards/docs/reviews/integrate-actual-learning-progressions-20261001T162834Z-142f2df1/implementation-recovery-results.json
A	.standards/docs/reviews/integrate-actual-learning-progressions-20261001T162834Z-142f2df1/implementation.md
A	.standards/docs/scope/integrate-actual-learning-progressions-20261001T162834Z-142f2df1.md
A	.standards/docs/specs/integrate-actual-learning-progressions-20261001T162834Z-142f2df1.md
A	.standards/docs/verification/integrate-actual-learning-progressions-20261001T162834Z-142f2df1.md
A	.standards/user-styles/developer/tony.md
A	.standards/user-styles/documenter/tony.md
A	.standards/user-styles/navigator/tony.md
A	.standards/user-styles/tester/tony.md
M	README.md
M	backend/README.md
M	backend/pyproject.toml
M	backend/src/kgfegmcp/bootstrap.py
M	backend/src/kgfegmcp/cli/build_mcpb.py
A	backend/src/kgfegmcp/cli/prepare_learning_progressions.py
M	backend/src/kgfegmcp/cli/smoke_checks.py
A	backend/src/kgfegmcp/cli/smoke_progressions.py
M	backend/src/kgfegmcp/cli/stdio_smoke.py
M	backend/src/kgfegmcp/errors.py
M	backend/src/kgfegmcp/mcp/prompts/arguments.py
A	backend/src/kgfegmcp/mcp/prompts/learning_progressions.py
D	backend/src/kgfegmcp/mcp/prompts/progression.py
M	backend/src/kgfegmcp/mcp/prompts/register.py
M	backend/src/kgfegmcp/mcp/register.py
M	backend/src/kgfegmcp/mcp/resources/register.py
A	backend/src/kgfegmcp/mcp/tools/learning_progressions.py
D	backend/src/kgfegmcp/mcp/tools/progression.py
M	backend/src/kgfegmcp/mcp/tools/statistics.py
M	backend/src/kgfegmcp/packages/builder.py
M	backend/src/kgfegmcp/packages/loader.py
A	backend/src/kgfegmcp/packages/lp_graph.py
A	backend/src/kgfegmcp/packages/lp_models.py
A	backend/src/kgfegmcp/packages/lp_validation.py
M	backend/src/kgfegmcp/packages/models.py
A	backend/src/kgfegmcp/packages/normalization.py
A	backend/src/kgfegmcp/packages/normalization_models.py
A	backend/src/kgfegmcp/packages/normalization_sources.py
M	backend/src/kgfegmcp/packages/repository.py
M	backend/src/kgfegmcp/packages/validator.py
M	backend/src/kgfegmcp/packages/wire.py
M	backend/src/kgfegmcp/profiles/models.py
M	backend/src/kgfegmcp/prompts/__init__.py
M	backend/src/kgfegmcp/prompts/definitions.py
A	backend/src/kgfegmcp/prompts/learning_progressions.py
M	backend/src/kgfegmcp/prompts/models.py
M	backend/src/kgfegmcp/prompts/service.py
M	backend/src/kgfegmcp/regexes.py
A	backend/src/kgfegmcp/resources/lp.py
M	backend/src/kgfegmcp/resources/models.py
M	backend/src/kgfegmcp/resources/policy.py
M	backend/src/kgfegmcp/resources/service.py
M	backend/src/kgfegmcp/resources/uri.py
M	backend/src/kgfegmcp/services/__init__.py
M	backend/src/kgfegmcp/services/capabilities.py
A	backend/src/kgfegmcp/services/learning_progressions.py
A	backend/src/kgfegmcp/services/lp_discovery.py
A	backend/src/kgfegmcp/services/lp_models.py
A	backend/src/kgfegmcp/services/lp_paths.py
A	backend/src/kgfegmcp/services/lp_traversal.py
M	backend/src/kgfegmcp/services/models.py
D	backend/src/kgfegmcp/services/progression.py
D	backend/src/kgfegmcp/services/progression_models.py
M	backend/src/kgfegmcp/services/statistics.py
A	backend/tests/fixtures/progression_baseline.json
A	backend/tests/fixtures/progression_fixtures.py
A	backend/tests/kgfegmcp/conftest.py
A	backend/tests/kgfegmcp/test_progression_acceptance.py
A	backend/tests/kgfegmcp/test_progression_algorithms.py
A	backend/tests/kgfegmcp/test_progression_discovery.py
A	backend/tests/kgfegmcp/test_progression_lookup.py
A	backend/tests/kgfegmcp/test_progression_prompts.py
A	backend/tests/kgfegmcp/test_progression_protocol.py
A	backend/tests/kgfegmcp/test_progression_regressions.py
A	backend/tests/kgfegmcp/test_progression_resources.py
A	backend/tests/kgfegmcp/test_progression_traversal.py
R099	config/profiles/ghana-nacca-primary-english-language-basic-1-3/1.0/profile.json	config/profiles/ghana-nacca-primary-english-language-basic-1-3/2.0/profile.json
R099	config/profiles/ghana-nacca-primary-mathematics-basic-4-6/1.0/profile.json	config/profiles/ghana-nacca-primary-mathematics-basic-4-6/2.0/profile.json
R099	config/profiles/india-cbse-science-learning-framework-classes-9-10/1.0/profile.json	config/profiles/india-cbse-science-learning-framework-classes-9-10/2.0/profile.json
R099	config/profiles/india-tamil-nadu-tnscert-mathematics-classes-1-5/1.0/profile.json	config/profiles/india-tamil-nadu-tnscert-mathematics-classes-1-5/2.0/profile.json
R099	config/profiles/nigeria-nerdc-mathematics-primary-1-3/1.0/profile.json	config/profiles/nigeria-nerdc-mathematics-primary-1-3/2.0/profile.json
R099	config/profiles/rwanda-reb-mathematics-lower-primary-1-3/1.0/profile.json	config/profiles/rwanda-reb-mathematics-lower-primary-1-3/2.0/profile.json
R081	config/prompts/ghana-nacca-primary-english-language-basic-1-3/1.0/prompts.json	config/prompts/ghana-nacca-primary-english-language-basic-1-3/2.0/prompts.json
R083	config/prompts/ghana-nacca-primary-mathematics-basic-4-6/1.0/prompts.json	config/prompts/ghana-nacca-primary-mathematics-basic-4-6/2.0/prompts.json
R081	config/prompts/india-cbse-science-learning-framework-classes-9-10/1.0/prompts.json	config/prompts/india-cbse-science-learning-framework-classes-9-10/2.0/prompts.json
R080	config/prompts/india-tamil-nadu-tnscert-mathematics-classes-1-5/1.0/prompts.json	config/prompts/india-tamil-nadu-tnscert-mathematics-classes-1-5/2.0/prompts.json
R079	config/prompts/nigeria-nerdc-mathematics-primary-1-3/1.0/prompts.json	config/prompts/nigeria-nerdc-mathematics-primary-1-3/2.0/prompts.json
R078	config/prompts/rwanda-reb-mathematics-lower-primary-1-3/1.0/prompts.json	config/prompts/rwanda-reb-mathematics-lower-primary-1-3/2.0/prompts.json
D	data/graph_packages/ghana-nacca-primary-english-language-basic-1-3/ghana-nacca-primary-english-language-basic-1-3@2019+c33ab5a379fb/delivery/as_lc_relationships_ghana_english.jsonl
D	data/graph_packages/ghana-nacca-primary-english-language-basic-1-3/ghana-nacca-primary-english-language-basic-1-3@2019+c33ab5a379fb/package_manifest.json
A	data/graph_packages/ghana-nacca-primary-english-language-basic-1-3/ghana-nacca-primary-english-language-basic-1-3@2019+e00c5329a507/additional/lp_relationship_provenance_shard_00.json
A	data/graph_packages/ghana-nacca-primary-english-language-basic-1-3/ghana-nacca-primary-english-language-basic-1-3@2019+e00c5329a507/additional/lp_relationship_provenance_shard_01.json
A	data/graph_packages/ghana-nacca-primary-english-language-basic-1-3/ghana-nacca-primary-english-language-basic-1-3@2019+e00c5329a507/additional/lp_relationship_provenance_shard_02.json
A	data/graph_packages/ghana-nacca-primary-english-language-basic-1-3/ghana-nacca-primary-english-language-basic-1-3@2019+e00c5329a507/additional/lp_relationship_provenance_shard_03.json
A	data/graph_packages/ghana-nacca-primary-english-language-basic-1-3/ghana-nacca-primary-english-language-basic-1-3@2019+e00c5329a507/additional/lp_relationship_provenance_shard_04.json
A	data/graph_packages/ghana-nacca-primary-english-language-basic-1-3/ghana-nacca-primary-english-language-basic-1-3@2019+e00c5329a507/additional/lp_relationship_provenance_shard_05.json
A	data/graph_packages/ghana-nacca-primary-english-language-basic-1-3/ghana-nacca-primary-english-language-basic-1-3@2019+e00c5329a507/additional/lp_relationship_provenance_shard_06.json
A	data/graph_packages/ghana-nacca-primary-english-language-basic-1-3/ghana-nacca-primary-english-language-basic-1-3@2019+e00c5329a507/additional/lp_relationship_provenance_shard_07.json
A	data/graph_packages/ghana-nacca-primary-english-language-basic-1-3/ghana-nacca-primary-english-language-basic-1-3@2019+e00c5329a507/additional/lp_relationship_provenance_shard_08.json
A	data/graph_packages/ghana-nacca-primary-english-language-basic-1-3/ghana-nacca-primary-english-language-basic-1-3@2019+e00c5329a507/additional/lp_relationship_provenance_shard_09.json
A	data/graph_packages/ghana-nacca-primary-english-language-basic-1-3/ghana-nacca-primary-english-language-basic-1-3@2019+e00c5329a507/additional/lp_relationship_provenance_shard_10.json
A	data/graph_packages/ghana-nacca-primary-english-language-basic-1-3/ghana-nacca-primary-english-language-basic-1-3@2019+e00c5329a507/additional/lp_relationship_provenance_shard_11.json
A	data/graph_packages/ghana-nacca-primary-english-language-basic-1-3/ghana-nacca-primary-english-language-basic-1-3@2019+e00c5329a507/additional/lp_relationship_provenance_shard_12.json
A	data/graph_packages/ghana-nacca-primary-english-language-basic-1-3/ghana-nacca-primary-english-language-basic-1-3@2019+e00c5329a507/additional/lp_relationship_provenance_shard_13.json
A	data/graph_packages/ghana-nacca-primary-english-language-basic-1-3/ghana-nacca-primary-english-language-basic-1-3@2019+e00c5329a507/additional/lp_relationship_provenance_shard_14.json
A	data/graph_packages/ghana-nacca-primary-english-language-basic-1-3/ghana-nacca-primary-english-language-basic-1-3@2019+e00c5329a507/additional/lp_relationship_provenance_shard_15.json
A	data/graph_packages/ghana-nacca-primary-english-language-basic-1-3/ghana-nacca-primary-english-language-basic-1-3@2019+e00c5329a507/additional/lp_relationship_provenance_shard_16.json
A	data/graph_packages/ghana-nacca-primary-english-language-basic-1-3/ghana-nacca-primary-english-language-basic-1-3@2019+e00c5329a507/additional/lp_relationship_provenance_shard_17.json
A	data/graph_packages/ghana-nacca-primary-english-language-basic-1-3/ghana-nacca-primary-english-language-basic-1-3@2019+e00c5329a507/additional/lp_relationship_provenance_shard_18.json
A	data/graph_packages/ghana-nacca-primary-english-language-basic-1-3/ghana-nacca-primary-english-language-basic-1-3@2019+e00c5329a507/additional/lp_relationship_provenance_shard_19.json
A	data/graph_packages/ghana-nacca-primary-english-language-basic-1-3/ghana-nacca-primary-english-language-basic-1-3@2019+e00c5329a507/additional/lp_relationship_provenance_shard_20.json
A	data/graph_packages/ghana-nacca-primary-english-language-basic-1-3/ghana-nacca-primary-english-language-basic-1-3@2019+e00c5329a507/additional/lp_relationship_provenance_shard_21.json
A	data/graph_packages/ghana-nacca-primary-english-language-basic-1-3/ghana-nacca-primary-english-language-basic-1-3@2019+e00c5329a507/additional/lp_relationship_provenance_shard_22.json
A	data/graph_packages/ghana-nacca-primary-english-language-basic-1-3/ghana-nacca-primary-english-language-basic-1-3@2019+e00c5329a507/additional/lp_relationship_provenance_shard_23.json
A	data/graph_packages/ghana-nacca-primary-english-language-basic-1-3/ghana-nacca-primary-english-language-basic-1-3@2019+e00c5329a507/additional/lp_relationship_provenance_shard_24.json
A	data/graph_packages/ghana-nacca-primary-english-language-basic-1-3/ghana-nacca-primary-english-language-basic-1-3@2019+e00c5329a507/additional/lp_relationship_provenance_shard_25.json
A	data/graph_packages/ghana-nacca-primary-english-language-basic-1-3/ghana-nacca-primary-english-language-basic-1-3@2019+e00c5329a507/additional/lp_relationship_provenance_shard_26.json
A	data/graph_packages/ghana-nacca-primary-english-language-basic-1-3/ghana-nacca-primary-english-language-basic-1-3@2019+e00c5329a507/additional/lp_relationship_provenance_shard_27.json
A	data/graph_packages/ghana-nacca-primary-english-language-basic-1-3/ghana-nacca-primary-english-language-basic-1-3@2019+e00c5329a507/additional/lp_relationship_provenance_shard_28.json
A	data/graph_packages/ghana-nacca-primary-english-language-basic-1-3/ghana-nacca-primary-english-language-basic-1-3@2019+e00c5329a507/additional/lp_relationship_provenance_shard_29.json
A	data/graph_packages/ghana-nacca-primary-english-language-basic-1-3/ghana-nacca-primary-english-language-basic-1-3@2019+e00c5329a507/additional/lp_relationship_provenance_shard_30.json
A	data/graph_packages/ghana-nacca-primary-english-language-basic-1-3/ghana-nacca-primary-english-language-basic-1-3@2019+e00c5329a507/additional/lp_relationship_provenance_shard_31.json
A	data/graph_packages/ghana-nacca-primary-english-language-basic-1-3/ghana-nacca-primary-english-language-basic-1-3@2019+e00c5329a507/additional/lp_relationship_provenance_shard_32.json
A	data/graph_packages/ghana-nacca-primary-english-language-basic-1-3/ghana-nacca-primary-english-language-basic-1-3@2019+e00c5329a507/additional/lp_relationship_provenance_shard_33.json
A	data/graph_packages/ghana-nacca-primary-english-language-basic-1-3/ghana-nacca-primary-english-language-basic-1-3@2019+e00c5329a507/additional/lp_relationship_provenance_shard_34.json
A	data/graph_packages/ghana-nacca-primary-english-language-basic-1-3/ghana-nacca-primary-english-language-basic-1-3@2019+e00c5329a507/additional/lp_relationship_provenance_shard_35.json
A	data/graph_packages/ghana-nacca-primary-english-language-basic-1-3/ghana-nacca-primary-english-language-basic-1-3@2019+e00c5329a507/additional/lp_relationship_provenance_shard_36.json
A	data/graph_packages/ghana-nacca-primary-english-language-basic-1-3/ghana-nacca-primary-english-language-basic-1-3@2019+e00c5329a507/additional/lp_relationship_provenance_shard_37.json
A	data/graph_packages/ghana-nacca-primary-english-language-basic-1-3/ghana-nacca-primary-english-language-basic-1-3@2019+e00c5329a507/additional/lp_relationship_provenance_shard_38.json
A	data/graph_packages/ghana-nacca-primary-english-language-basic-1-3/ghana-nacca-primary-english-language-basic-1-3@2019+e00c5329a507/additional/lp_relationship_provenance_shard_39.json
A	data/graph_packages/ghana-nacca-primary-english-language-basic-1-3/ghana-nacca-primary-english-language-basic-1-3@2019+e00c5329a507/additional/lp_relationship_provenance_shard_40.json
A	data/graph_packages/ghana-nacca-primary-english-language-basic-1-3/ghana-nacca-primary-english-language-basic-1-3@2019+e00c5329a507/additional/lp_relationship_provenance_shard_41.json
A	data/graph_packages/ghana-nacca-primary-english-language-basic-1-3/ghana-nacca-primary-english-language-basic-1-3@2019+e00c5329a507/additional/lp_relationship_provenance_shard_42.json
A	data/graph_packages/ghana-nacca-primary-english-language-basic-1-3/ghana-nacca-primary-english-language-basic-1-3@2019+e00c5329a507/additional/lp_relationship_provenance_shard_43.json
A	data/graph_packages/ghana-nacca-primary-english-language-basic-1-3/ghana-nacca-primary-english-language-basic-1-3@2019+e00c5329a507/additional/lp_relationship_provenance_shard_44.json
A	data/graph_packages/ghana-nacca-primary-english-language-basic-1-3/ghana-nacca-primary-english-language-basic-1-3@2019+e00c5329a507/additional/lp_relationship_provenance_shard_45.json
A	data/graph_packages/ghana-nacca-primary-english-language-basic-1-3/ghana-nacca-primary-english-language-basic-1-3@2019+e00c5329a507/additional/lp_relationship_provenance_shard_46.json
A	data/graph_packages/ghana-nacca-primary-english-language-basic-1-3/ghana-nacca-primary-english-language-basic-1-3@2019+e00c5329a507/additional/lp_relationship_provenance_shard_47.json
A	data/graph_packages/ghana-nacca-primary-english-language-basic-1-3/ghana-nacca-primary-english-language-basic-1-3@2019+e00c5329a507/additional/lp_relationship_provenance_shard_48.json
A	data/graph_packages/ghana-nacca-primary-english-language-basic-1-3/ghana-nacca-primary-english-language-basic-1-3@2019+e00c5329a507/additional/lp_relationship_provenance_shard_49.json
A	data/graph_packages/ghana-nacca-primary-english-language-basic-1-3/ghana-nacca-primary-english-language-basic-1-3@2019+e00c5329a507/additional/lp_relationship_provenance_shard_50.json
A	data/graph_packages/ghana-nacca-primary-english-language-basic-1-3/ghana-nacca-primary-english-language-basic-1-3@2019+e00c5329a507/additional/lp_relationship_provenance_shard_51.json
A	data/graph_packages/ghana-nacca-primary-english-language-basic-1-3/ghana-nacca-primary-english-language-basic-1-3@2019+e00c5329a507/additional/lp_relationship_provenance_shard_52.json
A	data/graph_packages/ghana-nacca-primary-english-language-basic-1-3/ghana-nacca-primary-english-language-basic-1-3@2019+e00c5329a507/additional/lp_relationship_provenance_shard_53.json
A	data/graph_packages/ghana-nacca-primary-english-language-basic-1-3/ghana-nacca-primary-english-language-basic-1-3@2019+e00c5329a507/additional/lp_relationship_provenance_shard_54.json
A	data/graph_packages/ghana-nacca-primary-english-language-basic-1-3/ghana-nacca-primary-english-language-basic-1-3@2019+e00c5329a507/additional/lp_relationship_provenance_shard_55.json
A	data/graph_packages/ghana-nacca-primary-english-language-basic-1-3/ghana-nacca-primary-english-language-basic-1-3@2019+e00c5329a507/additional/lp_relationship_provenance_shard_56.json
A	data/graph_packages/ghana-nacca-primary-english-language-basic-1-3/ghana-nacca-primary-english-language-basic-1-3@2019+e00c5329a507/additional/lp_relationship_provenance_shard_57.json
A	data/graph_packages/ghana-nacca-primary-english-language-basic-1-3/ghana-nacca-primary-english-language-basic-1-3@2019+e00c5329a507/additional/lp_relationship_provenance_shard_58.json
A	data/graph_packages/ghana-nacca-primary-english-language-basic-1-3/ghana-nacca-primary-english-language-basic-1-3@2019+e00c5329a507/additional/lp_relationship_provenance_shard_59.json
A	data/graph_packages/ghana-nacca-primary-english-language-basic-1-3/ghana-nacca-primary-english-language-basic-1-3@2019+e00c5329a507/additional/lp_relationship_provenance_shard_60.json
A	data/graph_packages/ghana-nacca-primary-english-language-basic-1-3/ghana-nacca-primary-english-language-basic-1-3@2019+e00c5329a507/additional/lp_relationship_provenance_shard_61.json
A	data/graph_packages/ghana-nacca-primary-english-language-basic-1-3/ghana-nacca-primary-english-language-basic-1-3@2019+e00c5329a507/additional/lp_relationship_provenance_shard_62.json
A	data/graph_packages/ghana-nacca-primary-english-language-basic-1-3/ghana-nacca-primary-english-language-basic-1-3@2019+e00c5329a507/additional/lp_relationship_provenance_shard_63.json
R100	data/graph_packages/ghana-nacca-primary-english-language-basic-1-3/ghana-nacca-primary-english-language-basic-1-3@2019+c33ab5a379fb/delivery/as_lc_nodes_ghana_english.jsonl	data/graph_packages/ghana-nacca-primary-english-language-basic-1-3/ghana-nacca-primary-english-language-basic-1-3@2019+e00c5329a507/delivery/as_lc_lp_nodes_ghana-nacca-primary-english-language-basic-1-3.jsonl
A	data/graph_packages/ghana-nacca-primary-english-language-basic-1-3/ghana-nacca-primary-english-language-basic-1-3@2019+e00c5329a507/delivery/as_lc_lp_relationships_ghana-nacca-primary-english-language-basic-1-3.jsonl
R099	data/graph_packages/ghana-nacca-primary-english-language-basic-1-3/ghana-nacca-primary-english-language-basic-1-3@2019+c33ab5a379fb/detailed/as_entity_provenance.json	data/graph_packages/ghana-nacca-primary-english-language-basic-1-3/ghana-nacca-primary-english-language-basic-1-3@2019+e00c5329a507/detailed/as_entity_provenance.json
R099	data/graph_packages/ghana-nacca-primary-english-language-basic-1-3/ghana-nacca-primary-english-language-basic-1-3@2019+c33ab5a379fb/detailed/as_kg_bundle.json	data/graph_packages/ghana-nacca-primary-english-language-basic-1-3/ghana-nacca-primary-english-language-basic-1-3@2019+e00c5329a507/detailed/as_kg_bundle.json
R099	data/graph_packages/ghana-nacca-primary-english-language-basic-1-3/ghana-nacca-primary-english-language-basic-1-3@2019+c33ab5a379fb/detailed/as_lc_kg_bundle.json	data/graph_packages/ghana-nacca-primary-english-language-basic-1-3/ghana-nacca-primary-english-language-basic-1-3@2019+e00c5329a507/detailed/as_lc_kg_bundle.json
R086	data/graph_packages/ghana-nacca-primary-english-language-basic-1-3/ghana-nacca-primary-english-language-basic-1-3@2019+c33ab5a379fb/detailed/as_lc_validation_report.json	data/graph_packages/ghana-nacca-primary-english-language-basic-1-3/ghana-nacca-primary-english-language-basic-1-3@2019+e00c5329a507/detailed/as_lc_validation_report.json
R100	data/graph_packages/ghana-nacca-primary-english-language-basic-1-3/ghana-nacca-primary-english-language-basic-1-3@2019+c33ab5a379fb/detailed/as_relationships_has_child.jsonl	data/graph_packages/ghana-nacca-primary-english-language-basic-1-3/ghana-nacca-primary-english-language-basic-1-3@2019+e00c5329a507/detailed/as_relationships_has_child.jsonl
R100	data/graph_packages/ghana-nacca-primary-english-language-basic-1-3/ghana-nacca-primary-english-language-basic-1-3@2019+c33ab5a379fb/detailed/as_standards_framework.json	data/graph_packages/ghana-nacca-primary-english-language-basic-1-3/ghana-nacca-primary-english-language-basic-1-3@2019+e00c5329a507/detailed/as_standards_framework.json
R100	data/graph_packages/ghana-nacca-primary-english-language-basic-1-3/ghana-nacca-primary-english-language-basic-1-3@2019+c33ab5a379fb/detailed/as_standards_framework_items.jsonl	data/graph_packages/ghana-nacca-primary-english-language-basic-1-3/ghana-nacca-primary-english-language-basic-1-3@2019+e00c5329a507/detailed/as_standards_framework_items.jsonl
R100	data/graph_packages/ghana-nacca-primary-english-language-basic-1-3/ghana-nacca-primary-english-language-basic-1-3@2019+c33ab5a379fb/detailed/as_unresolved_items.json	data/graph_packages/ghana-nacca-primary-english-language-basic-1-3/ghana-nacca-primary-english-language-basic-1-3@2019+e00c5329a507/detailed/as_unresolved_items.json
R100	data/graph_packages/ghana-nacca-primary-english-language-basic-1-3/ghana-nacca-primary-english-language-basic-1-3@2019+c33ab5a379fb/detailed/lc_dedup_groups.json	data/graph_packages/ghana-nacca-primary-english-language-basic-1-3/ghana-nacca-primary-english-language-basic-1-3@2019+e00c5329a507/detailed/lc_dedup_groups.json
R100	data/graph_packages/ghana-nacca-primary-english-language-basic-1-3/ghana-nacca-primary-english-language-basic-1-3@2019+c33ab5a379fb/detailed/lc_entity_provenance.json	data/graph_packages/ghana-nacca-primary-english-language-basic-1-3/ghana-nacca-primary-english-language-basic-1-3@2019+e00c5329a507/detailed/lc_entity_provenance.json
R100	data/graph_packages/ghana-nacca-primary-english-language-basic-1-3/ghana-nacca-primary-english-language-basic-1-3@2019+c33ab5a379fb/detailed/lc_generation_summary.json	data/graph_packages/ghana-nacca-primary-english-language-basic-1-3/ghana-nacca-primary-english-language-basic-1-3@2019+e00c5329a507/detailed/lc_generation_summary.json
A	data/graph_packages/ghana-nacca-primary-english-language-basic-1-3/ghana-nacca-primary-english-language-basic-1-3@2019+e00c5329a507/detailed/lp_final_claims.json
A	data/graph_packages/ghana-nacca-primary-english-language-basic-1-3/ghana-nacca-primary-english-language-basic-1-3@2019+e00c5329a507/detailed/lp_generation_summary.json
A	data/graph_packages/ghana-nacca-primary-english-language-basic-1-3/ghana-nacca-primary-english-language-basic-1-3@2019+e00c5329a507/detailed/lp_normalization_receipt.json
A	data/graph_packages/ghana-nacca-primary-english-language-basic-1-3/ghana-nacca-primary-english-language-basic-1-3@2019+e00c5329a507/detailed/lp_relationship_provenance.json
A	data/graph_packages/ghana-nacca-primary-english-language-basic-1-3/ghana-nacca-primary-english-language-basic-1-3@2019+e00c5329a507/detailed/lp_relationship_provenance_index.json
A	data/graph_packages/ghana-nacca-primary-english-language-basic-1-3/ghana-nacca-primary-english-language-basic-1-3@2019+e00c5329a507/detailed/lp_relationships_builds_towards.jsonl
A	data/graph_packages/ghana-nacca-primary-english-language-basic-1-3/ghana-nacca-primary-english-language-basic-1-3@2019+e00c5329a507/detailed/lp_relationships_relates_to.jsonl
A	data/graph_packages/ghana-nacca-primary-english-language-basic-1-3/ghana-nacca-primary-english-language-basic-1-3@2019+e00c5329a507/detailed/lp_unresolved_items.json
A	data/graph_packages/ghana-nacca-primary-english-language-basic-1-3/ghana-nacca-primary-english-language-basic-1-3@2019+e00c5329a507/detailed/lp_validation_report.json
A	data/graph_packages/ghana-nacca-primary-english-language-basic-1-3/ghana-nacca-primary-english-language-basic-1-3@2019+e00c5329a507/package_manifest.json
A	data/graph_packages/ghana-nacca-primary-mathematics-basic-4-6/ghana-nacca-primary-mathematics-basic-4-6@2019+0b768f7cfaf9/additional/lp_relationship_provenance_shard_00.json
A	data/graph_packages/ghana-nacca-primary-mathematics-basic-4-6/ghana-nacca-primary-mathematics-basic-4-6@2019+0b768f7cfaf9/additional/lp_relationship_provenance_shard_01.json
A	data/graph_packages/ghana-nacca-primary-mathematics-basic-4-6/ghana-nacca-primary-mathematics-basic-4-6@2019+0b768f7cfaf9/additional/lp_relationship_provenance_shard_02.json
A	data/graph_packages/ghana-nacca-primary-mathematics-basic-4-6/ghana-nacca-primary-mathematics-basic-4-6@2019+0b768f7cfaf9/additional/lp_relationship_provenance_shard_03.json
A	data/graph_packages/ghana-nacca-primary-mathematics-basic-4-6/ghana-nacca-primary-mathematics-basic-4-6@2019+0b768f7cfaf9/additional/lp_relationship_provenance_shard_04.json
A	data/graph_packages/ghana-nacca-primary-mathematics-basic-4-6/ghana-nacca-primary-mathematics-basic-4-6@2019+0b768f7cfaf9/additional/lp_relationship_provenance_shard_05.json
A	data/graph_packages/ghana-nacca-primary-mathematics-basic-4-6/ghana-nacca-primary-mathematics-basic-4-6@2019+0b768f7cfaf9/additional/lp_relationship_provenance_shard_06.json
A	data/graph_packages/ghana-nacca-primary-mathematics-basic-4-6/ghana-nacca-primary-mathematics-basic-4-6@2019+0b768f7cfaf9/additional/lp_relationship_provenance_shard_07.json
A	data/graph_packages/ghana-nacca-primary-mathematics-basic-4-6/ghana-nacca-primary-mathematics-basic-4-6@2019+0b768f7cfaf9/additional/lp_relationship_provenance_shard_08.json
A	data/graph_packages/ghana-nacca-primary-mathematics-basic-4-6/ghana-nacca-primary-mathematics-basic-4-6@2019+0b768f7cfaf9/additional/lp_relationship_provenance_shard_09.json
A	data/graph_packages/ghana-nacca-primary-mathematics-basic-4-6/ghana-nacca-primary-mathematics-basic-4-6@2019+0b768f7cfaf9/additional/lp_relationship_provenance_shard_10.json
A	data/graph_packages/ghana-nacca-primary-mathematics-basic-4-6/ghana-nacca-primary-mathematics-basic-4-6@2019+0b768f7cfaf9/additional/lp_relationship_provenance_shard_11.json
A	data/graph_packages/ghana-nacca-primary-mathematics-basic-4-6/ghana-nacca-primary-mathematics-basic-4-6@2019+0b768f7cfaf9/additional/lp_relationship_provenance_shard_12.json
A	data/graph_packages/ghana-nacca-primary-mathematics-basic-4-6/ghana-nacca-primary-mathematics-basic-4-6@2019+0b768f7cfaf9/additional/lp_relationship_provenance_shard_13.json
A	data/graph_packages/ghana-nacca-primary-mathematics-basic-4-6/ghana-nacca-primary-mathematics-basic-4-6@2019+0b768f7cfaf9/additional/lp_relationship_provenance_shard_14.json
A	data/graph_packages/ghana-nacca-primary-mathematics-basic-4-6/ghana-nacca-primary-mathematics-basic-4-6@2019+0b768f7cfaf9/additional/lp_relationship_provenance_shard_15.json
A	data/graph_packages/ghana-nacca-primary-mathematics-basic-4-6/ghana-nacca-primary-mathematics-basic-4-6@2019+0b768f7cfaf9/additional/lp_relationship_provenance_shard_16.json
A	data/graph_packages/ghana-nacca-primary-mathematics-basic-4-6/ghana-nacca-primary-mathematics-basic-4-6@2019+0b768f7cfaf9/additional/lp_relationship_provenance_shard_17.json
A	data/graph_packages/ghana-nacca-primary-mathematics-basic-4-6/ghana-nacca-primary-mathematics-basic-4-6@2019+0b768f7cfaf9/additional/lp_relationship_provenance_shard_18.json
A	data/graph_packages/ghana-nacca-primary-mathematics-basic-4-6/ghana-nacca-primary-mathematics-basic-4-6@2019+0b768f7cfaf9/additional/lp_relationship_provenance_shard_19.json
A	data/graph_packages/ghana-nacca-primary-mathematics-basic-4-6/ghana-nacca-primary-mathematics-basic-4-6@2019+0b768f7cfaf9/additional/lp_relationship_provenance_shard_20.json
A	data/graph_packages/ghana-nacca-primary-mathematics-basic-4-6/ghana-nacca-primary-mathematics-basic-4-6@2019+0b768f7cfaf9/additional/lp_relationship_provenance_shard_21.json
A	data/graph_packages/ghana-nacca-primary-mathematics-basic-4-6/ghana-nacca-primary-mathematics-basic-4-6@2019+0b768f7cfaf9/additional/lp_relationship_provenance_shard_22.json
A	data/graph_packages/ghana-nacca-primary-mathematics-basic-4-6/ghana-nacca-primary-mathematics-basic-4-6@2019+0b768f7cfaf9/additional/lp_relationship_provenance_shard_23.json
A	data/graph_packages/ghana-nacca-primary-mathematics-basic-4-6/ghana-nacca-primary-mathematics-basic-4-6@2019+0b768f7cfaf9/additional/lp_relationship_provenance_shard_24.json
A	data/graph_packages/ghana-nacca-primary-mathematics-basic-4-6/ghana-nacca-primary-mathematics-basic-4-6@2019+0b768f7cfaf9/additional/lp_relationship_provenance_shard_25.json
A	data/graph_packages/ghana-nacca-primary-mathematics-basic-4-6/ghana-nacca-primary-mathematics-basic-4-6@2019+0b768f7cfaf9/additional/lp_relationship_provenance_shard_26.json
A	data/graph_packages/ghana-nacca-primary-mathematics-basic-4-6/ghana-nacca-primary-mathematics-basic-4-6@2019+0b768f7cfaf9/additional/lp_relationship_provenance_shard_27.json
A	data/graph_packages/ghana-nacca-primary-mathematics-basic-4-6/ghana-nacca-primary-mathematics-basic-4-6@2019+0b768f7cfaf9/additional/lp_relationship_provenance_shard_28.json
A	data/graph_packages/ghana-nacca-primary-mathematics-basic-4-6/ghana-nacca-primary-mathematics-basic-4-6@2019+0b768f7cfaf9/additional/lp_relationship_provenance_shard_29.json
A	data/graph_packages/ghana-nacca-primary-mathematics-basic-4-6/ghana-nacca-primary-mathematics-basic-4-6@2019+0b768f7cfaf9/additional/lp_relationship_provenance_shard_30.json
A	data/graph_packages/ghana-nacca-primary-mathematics-basic-4-6/ghana-nacca-primary-mathematics-basic-4-6@2019+0b768f7cfaf9/additional/lp_relationship_provenance_shard_31.json
A	data/graph_packages/ghana-nacca-primary-mathematics-basic-4-6/ghana-nacca-primary-mathematics-basic-4-6@2019+0b768f7cfaf9/additional/lp_relationship_provenance_shard_32.json
A	data/graph_packages/ghana-nacca-primary-mathematics-basic-4-6/ghana-nacca-primary-mathematics-basic-4-6@2019+0b768f7cfaf9/additional/lp_relationship_provenance_shard_33.json
A	data/graph_packages/ghana-nacca-primary-mathematics-basic-4-6/ghana-nacca-primary-mathematics-basic-4-6@2019+0b768f7cfaf9/additional/lp_relationship_provenance_shard_34.json
A	data/graph_packages/ghana-nacca-primary-mathematics-basic-4-6/ghana-nacca-primary-mathematics-basic-4-6@2019+0b768f7cfaf9/additional/lp_relationship_provenance_shard_35.json
A	data/graph_packages/ghana-nacca-primary-mathematics-basic-4-6/ghana-nacca-primary-mathematics-basic-4-6@2019+0b768f7cfaf9/additional/lp_relationship_provenance_shard_36.json
A	data/graph_packages/ghana-nacca-primary-mathematics-basic-4-6/ghana-nacca-primary-mathematics-basic-4-6@2019+0b768f7cfaf9/additional/lp_relationship_provenance_shard_37.json
A	data/graph_packages/ghana-nacca-primary-mathematics-basic-4-6/ghana-nacca-primary-mathematics-basic-4-6@2019+0b768f7cfaf9/additional/lp_relationship_provenance_shard_38.json
A	data/graph_packages/ghana-nacca-primary-mathematics-basic-4-6/ghana-nacca-primary-mathematics-basic-4-6@2019+0b768f7cfaf9/additional/lp_relationship_provenance_shard_39.json
A	data/graph_packages/ghana-nacca-primary-mathematics-basic-4-6/ghana-nacca-primary-mathematics-basic-4-6@2019+0b768f7cfaf9/additional/lp_relationship_provenance_shard_40.json
A	data/graph_packages/ghana-nacca-primary-mathematics-basic-4-6/ghana-nacca-primary-mathematics-basic-4-6@2019+0b768f7cfaf9/additional/lp_relationship_provenance_shard_41.json
A	data/graph_packages/ghana-nacca-primary-mathematics-basic-4-6/ghana-nacca-primary-mathematics-basic-4-6@2019+0b768f7cfaf9/additional/lp_relationship_provenance_shard_42.json
A	data/graph_packages/ghana-nacca-primary-mathematics-basic-4-6/ghana-nacca-primary-mathematics-basic-4-6@2019+0b768f7cfaf9/additional/lp_relationship_provenance_shard_43.json
A	data/graph_packages/ghana-nacca-primary-mathematics-basic-4-6/ghana-nacca-primary-mathematics-basic-4-6@2019+0b768f7cfaf9/additional/lp_relationship_provenance_shard_44.json
A	data/graph_packages/ghana-nacca-primary-mathematics-basic-4-6/ghana-nacca-primary-mathematics-basic-4-6@2019+0b768f7cfaf9/additional/lp_relationship_provenance_shard_45.json
A	data/graph_packages/ghana-nacca-primary-mathematics-basic-4-6/ghana-nacca-primary-mathematics-basic-4-6@2019+0b768f7cfaf9/additional/lp_relationship_provenance_shard_46.json
A	data/graph_packages/ghana-nacca-primary-mathematics-basic-4-6/ghana-nacca-primary-mathematics-basic-4-6@2019+0b768f7cfaf9/additional/lp_relationship_provenance_shard_47.json
A	data/graph_packages/ghana-nacca-primary-mathematics-basic-4-6/ghana-nacca-primary-mathematics-basic-4-6@2019+0b768f7cfaf9/additional/lp_relationship_provenance_shard_48.json
A	data/graph_packages/ghana-nacca-primary-mathematics-basic-4-6/ghana-nacca-primary-mathematics-basic-4-6@2019+0b768f7cfaf9/additional/lp_relationship_provenance_shard_49.json
A	data/graph_packages/ghana-nacca-primary-mathematics-basic-4-6/ghana-nacca-primary-mathematics-basic-4-6@2019+0b768f7cfaf9/additional/lp_relationship_provenance_shard_50.json
A	data/graph_packages/ghana-nacca-primary-mathematics-basic-4-6/ghana-nacca-primary-mathematics-basic-4-6@2019+0b768f7cfaf9/additional/lp_relationship_provenance_shard_51.json
A	data/graph_packages/ghana-nacca-primary-mathematics-basic-4-6/ghana-nacca-primary-mathematics-basic-4-6@2019+0b768f7cfaf9/additional/lp_relationship_provenance_shard_52.json
A	data/graph_packages/ghana-nacca-primary-mathematics-basic-4-6/ghana-nacca-primary-mathematics-basic-4-6@2019+0b768f7cfaf9/additional/lp_relationship_provenance_shard_53.json
A	data/graph_packages/ghana-nacca-primary-mathematics-basic-4-6/ghana-nacca-primary-mathematics-basic-4-6@2019+0b768f7cfaf9/additional/lp_relationship_provenance_shard_54.json
A	data/graph_packages/ghana-nacca-primary-mathematics-basic-4-6/ghana-nacca-primary-mathematics-basic-4-6@2019+0b768f7cfaf9/additional/lp_relationship_provenance_shard_55.json
A	data/graph_packages/ghana-nacca-primary-mathematics-basic-4-6/ghana-nacca-primary-mathematics-basic-4-6@2019+0b768f7cfaf9/additional/lp_relationship_provenance_shard_56.json
A	data/graph_packages/ghana-nacca-primary-mathematics-basic-4-6/ghana-nacca-primary-mathematics-basic-4-6@2019+0b768f7cfaf9/additional/lp_relationship_provenance_shard_57.json
A	data/graph_packages/ghana-nacca-primary-mathematics-basic-4-6/ghana-nacca-primary-mathematics-basic-4-6@2019+0b768f7cfaf9/additional/lp_relationship_provenance_shard_58.json
A	data/graph_packages/ghana-nacca-primary-mathematics-basic-4-6/ghana-nacca-primary-mathematics-basic-4-6@2019+0b768f7cfaf9/additional/lp_relationship_provenance_shard_59.json
A	data/graph_packages/ghana-nacca-primary-mathematics-basic-4-6/ghana-nacca-primary-mathematics-basic-4-6@2019+0b768f7cfaf9/additional/lp_relationship_provenance_shard_60.json
A	data/graph_packages/ghana-nacca-primary-mathematics-basic-4-6/ghana-nacca-primary-mathematics-basic-4-6@2019+0b768f7cfaf9/additional/lp_relationship_provenance_shard_61.json
A	data/graph_packages/ghana-nacca-primary-mathematics-basic-4-6/ghana-nacca-primary-mathematics-basic-4-6@2019+0b768f7cfaf9/additional/lp_relationship_provenance_shard_62.json
A	data/graph_packages/ghana-nacca-primary-mathematics-basic-4-6/ghana-nacca-primary-mathematics-basic-4-6@2019+0b768f7cfaf9/additional/lp_relationship_provenance_shard_63.json
R100	data/graph_packages/ghana-nacca-primary-mathematics-basic-4-6/ghana-nacca-primary-mathematics-basic-4-6@2019+7afbd99e7f80/delivery/as_lc_nodes_ghana_math.jsonl	data/graph_packages/ghana-nacca-primary-mathematics-basic-4-6/ghana-nacca-primary-mathematics-basic-4-6@2019+0b768f7cfaf9/delivery/as_lc_lp_nodes_ghana-nacca-primary-mathematics-basic-4-6.jsonl
A	data/graph_packages/ghana-nacca-primary-mathematics-basic-4-6/ghana-nacca-primary-mathematics-basic-4-6@2019+0b768f7cfaf9/delivery/as_lc_lp_relationships_ghana-nacca-primary-mathematics-basic-4-6.jsonl
R099	data/graph_packages/ghana-nacca-primary-mathematics-basic-4-6/ghana-nacca-primary-mathematics-basic-4-6@2019+7afbd99e7f80/detailed/as_entity_provenance.json	data/graph_packages/ghana-nacca-primary-mathematics-basic-4-6/ghana-nacca-primary-mathematics-basic-4-6@2019+0b768f7cfaf9/detailed/as_entity_provenance.json
R099	data/graph_packages/ghana-nacca-primary-mathematics-basic-4-6/ghana-nacca-primary-mathematics-basic-4-6@2019+7afbd99e7f80/detailed/as_kg_bundle.json	data/graph_packages/ghana-nacca-primary-mathematics-basic-4-6/ghana-nacca-primary-mathematics-basic-4-6@2019+0b768f7cfaf9/detailed/as_kg_bundle.json
R099	data/graph_packages/ghana-nacca-primary-mathematics-basic-4-6/ghana-nacca-primary-mathematics-basic-4-6@2019+7afbd99e7f80/detailed/as_lc_kg_bundle.json	data/graph_packages/ghana-nacca-primary-mathematics-basic-4-6/ghana-nacca-primary-mathematics-basic-4-6@2019+0b768f7cfaf9/detailed/as_lc_kg_bundle.json
R086	data/graph_packages/ghana-nacca-primary-mathematics-basic-4-6/ghana-nacca-primary-mathematics-basic-4-6@2019+7afbd99e7f80/detailed/as_lc_validation_report.json	data/graph_packages/ghana-nacca-primary-mathematics-basic-4-6/ghana-nacca-primary-mathematics-basic-4-6@2019+0b768f7cfaf9/detailed/as_lc_validation_report.json
R100	data/graph_packages/ghana-nacca-primary-mathematics-basic-4-6/ghana-nacca-primary-mathematics-basic-4-6@2019+7afbd99e7f80/detailed/as_relationships_has_child.jsonl	data/graph_packages/ghana-nacca-primary-mathematics-basic-4-6/ghana-nacca-primary-mathematics-basic-4-6@2019+0b768f7cfaf9/detailed/as_relationships_has_child.jsonl
R100	data/graph_packages/ghana-nacca-primary-mathematics-basic-4-6/ghana-nacca-primary-mathematics-basic-4-6@2019+7afbd99e7f80/detailed/as_standards_framework.json	data/graph_packages/ghana-nacca-primary-mathematics-basic-4-6/ghana-nacca-primary-mathematics-basic-4-6@2019+0b768f7cfaf9/detailed/as_standards_framework.json
R100	data/graph_packages/ghana-nacca-primary-mathematics-basic-4-6/ghana-nacca-primary-mathematics-basic-4-6@2019+7afbd99e7f80/detailed/as_standards_framework_items.jsonl	data/graph_packages/ghana-nacca-primary-mathematics-basic-4-6/ghana-nacca-primary-mathematics-basic-4-6@2019+0b768f7cfaf9/detailed/as_standards_framework_items.jsonl
R100	data/graph_packages/ghana-nacca-primary-mathematics-basic-4-6/ghana-nacca-primary-mathematics-basic-4-6@2019+7afbd99e7f80/detailed/as_unresolved_items.json	data/graph_packages/ghana-nacca-primary-mathematics-basic-4-6/ghana-nacca-primary-mathematics-basic-4-6@2019+0b768f7cfaf9/detailed/as_unresolved_items.json
R100	data/graph_packages/ghana-nacca-primary-mathematics-basic-4-6/ghana-nacca-primary-mathematics-basic-4-6@2019+7afbd99e7f80/detailed/lc_dedup_groups.json	data/graph_packages/ghana-nacca-primary-mathematics-basic-4-6/ghana-nacca-primary-mathematics-basic-4-6@2019+0b768f7cfaf9/detailed/lc_dedup_groups.json
R100	data/graph_packages/ghana-nacca-primary-mathematics-basic-4-6/ghana-nacca-primary-mathematics-basic-4-6@2019+7afbd99e7f80/detailed/lc_entity_provenance.json	data/graph_packages/ghana-nacca-primary-mathematics-basic-4-6/ghana-nacca-primary-mathematics-basic-4-6@2019+0b768f7cfaf9/detailed/lc_entity_provenance.json
R100	data/graph_packages/ghana-nacca-primary-mathematics-basic-4-6/ghana-nacca-primary-mathematics-basic-4-6@2019+7afbd99e7f80/detailed/lc_generation_summary.json	data/graph_packages/ghana-nacca-primary-mathematics-basic-4-6/ghana-nacca-primary-mathematics-basic-4-6@2019+0b768f7cfaf9/detailed/lc_generation_summary.json
A	data/graph_packages/ghana-nacca-primary-mathematics-basic-4-6/ghana-nacca-primary-mathematics-basic-4-6@2019+0b768f7cfaf9/detailed/lp_final_claims.json
A	data/graph_packages/ghana-nacca-primary-mathematics-basic-4-6/ghana-nacca-primary-mathematics-basic-4-6@2019+0b768f7cfaf9/detailed/lp_generation_summary.json
A	data/graph_packages/ghana-nacca-primary-mathematics-basic-4-6/ghana-nacca-primary-mathematics-basic-4-6@2019+0b768f7cfaf9/detailed/lp_normalization_receipt.json
A	data/graph_packages/ghana-nacca-primary-mathematics-basic-4-6/ghana-nacca-primary-mathematics-basic-4-6@2019+0b768f7cfaf9/detailed/lp_relationship_provenance.json
A	data/graph_packages/ghana-nacca-primary-mathematics-basic-4-6/ghana-nacca-primary-mathematics-basic-4-6@2019+0b768f7cfaf9/detailed/lp_relationship_provenance_index.json
A	data/graph_packages/ghana-nacca-primary-mathematics-basic-4-6/ghana-nacca-primary-mathematics-basic-4-6@2019+0b768f7cfaf9/detailed/lp_relationships_builds_towards.jsonl
A	data/graph_packages/ghana-nacca-primary-mathematics-basic-4-6/ghana-nacca-primary-mathematics-basic-4-6@2019+0b768f7cfaf9/detailed/lp_relationships_relates_to.jsonl
A	data/graph_packages/ghana-nacca-primary-mathematics-basic-4-6/ghana-nacca-primary-mathematics-basic-4-6@2019+0b768f7cfaf9/detailed/lp_unresolved_items.json
A	data/graph_packages/ghana-nacca-primary-mathematics-basic-4-6/ghana-nacca-primary-mathematics-basic-4-6@2019+0b768f7cfaf9/detailed/lp_validation_report.json
A	data/graph_packages/ghana-nacca-primary-mathematics-basic-4-6/ghana-nacca-primary-mathematics-basic-4-6@2019+0b768f7cfaf9/package_manifest.json
D	data/graph_packages/ghana-nacca-primary-mathematics-basic-4-6/ghana-nacca-primary-mathematics-basic-4-6@2019+7afbd99e7f80/delivery/as_lc_relationships_ghana_math.jsonl
D	data/graph_packages/ghana-nacca-primary-mathematics-basic-4-6/ghana-nacca-primary-mathematics-basic-4-6@2019+7afbd99e7f80/package_manifest.json
A	data/graph_packages/india-cbse-science-learning-framework-classes-9-10/india-cbse-science-learning-framework-classes-9-10@undated+576740bed2d1/additional/lp_relationship_provenance_shard_00.json
A	data/graph_packages/india-cbse-science-learning-framework-classes-9-10/india-cbse-science-learning-framework-classes-9-10@undated+576740bed2d1/additional/lp_relationship_provenance_shard_01.json
A	data/graph_packages/india-cbse-science-learning-framework-classes-9-10/india-cbse-science-learning-framework-classes-9-10@undated+576740bed2d1/additional/lp_relationship_provenance_shard_02.json
A	data/graph_packages/india-cbse-science-learning-framework-classes-9-10/india-cbse-science-learning-framework-classes-9-10@undated+576740bed2d1/additional/lp_relationship_provenance_shard_03.json
A	data/graph_packages/india-cbse-science-learning-framework-classes-9-10/india-cbse-science-learning-framework-classes-9-10@undated+576740bed2d1/additional/lp_relationship_provenance_shard_04.json
A	data/graph_packages/india-cbse-science-learning-framework-classes-9-10/india-cbse-science-learning-framework-classes-9-10@undated+576740bed2d1/additional/lp_relationship_provenance_shard_05.json
A	data/graph_packages/india-cbse-science-learning-framework-classes-9-10/india-cbse-science-learning-framework-classes-9-10@undated+576740bed2d1/additional/lp_relationship_provenance_shard_06.json
A	data/graph_packages/india-cbse-science-learning-framework-classes-9-10/india-cbse-science-learning-framework-classes-9-10@undated+576740bed2d1/additional/lp_relationship_provenance_shard_07.json
A	data/graph_packages/india-cbse-science-learning-framework-classes-9-10/india-cbse-science-learning-framework-classes-9-10@undated+576740bed2d1/additional/lp_relationship_provenance_shard_08.json
A	data/graph_packages/india-cbse-science-learning-framework-classes-9-10/india-cbse-science-learning-framework-classes-9-10@undated+576740bed2d1/additional/lp_relationship_provenance_shard_09.json
A	data/graph_packages/india-cbse-science-learning-framework-classes-9-10/india-cbse-science-learning-framework-classes-9-10@undated+576740bed2d1/additional/lp_relationship_provenance_shard_10.json
A	data/graph_packages/india-cbse-science-learning-framework-classes-9-10/india-cbse-science-learning-framework-classes-9-10@undated+576740bed2d1/additional/lp_relationship_provenance_shard_11.json
A	data/graph_packages/india-cbse-science-learning-framework-classes-9-10/india-cbse-science-learning-framework-classes-9-10@undated+576740bed2d1/additional/lp_relationship_provenance_shard_12.json
A	data/graph_packages/india-cbse-science-learning-framework-classes-9-10/india-cbse-science-learning-framework-classes-9-10@undated+576740bed2d1/additional/lp_relationship_provenance_shard_13.json
A	data/graph_packages/india-cbse-science-learning-framework-classes-9-10/india-cbse-science-learning-framework-classes-9-10@undated+576740bed2d1/additional/lp_relationship_provenance_shard_14.json
A	data/graph_packages/india-cbse-science-learning-framework-classes-9-10/india-cbse-science-learning-framework-classes-9-10@undated+576740bed2d1/additional/lp_relationship_provenance_shard_15.json
A	data/graph_packages/india-cbse-science-learning-framework-classes-9-10/india-cbse-science-learning-framework-classes-9-10@undated+576740bed2d1/additional/lp_relationship_provenance_shard_16.json
A	data/graph_packages/india-cbse-science-learning-framework-classes-9-10/india-cbse-science-learning-framework-classes-9-10@undated+576740bed2d1/additional/lp_relationship_provenance_shard_17.json
A	data/graph_packages/india-cbse-science-learning-framework-classes-9-10/india-cbse-science-learning-framework-classes-9-10@undated+576740bed2d1/additional/lp_relationship_provenance_shard_18.json
A	data/graph_packages/india-cbse-science-learning-framework-classes-9-10/india-cbse-science-learning-framework-classes-9-10@undated+576740bed2d1/additional/lp_relationship_provenance_shard_19.json
A	data/graph_packages/india-cbse-science-learning-framework-classes-9-10/india-cbse-science-learning-framework-classes-9-10@undated+576740bed2d1/additional/lp_relationship_provenance_shard_20.json
A	data/graph_packages/india-cbse-science-learning-framework-classes-9-10/india-cbse-science-learning-framework-classes-9-10@undated+576740bed2d1/additional/lp_relationship_provenance_shard_21.json
A	data/graph_packages/india-cbse-science-learning-framework-classes-9-10/india-cbse-science-learning-framework-classes-9-10@undated+576740bed2d1/additional/lp_relationship_provenance_shard_22.json
A	data/graph_packages/india-cbse-science-learning-framework-classes-9-10/india-cbse-science-learning-framework-classes-9-10@undated+576740bed2d1/additional/lp_relationship_provenance_shard_23.json
A	data/graph_packages/india-cbse-science-learning-framework-classes-9-10/india-cbse-science-learning-framework-classes-9-10@undated+576740bed2d1/additional/lp_relationship_provenance_shard_24.json
A	data/graph_packages/india-cbse-science-learning-framework-classes-9-10/india-cbse-science-learning-framework-classes-9-10@undated+576740bed2d1/additional/lp_relationship_provenance_shard_25.json
A	data/graph_packages/india-cbse-science-learning-framework-classes-9-10/india-cbse-science-learning-framework-classes-9-10@undated+576740bed2d1/additional/lp_relationship_provenance_shard_26.json
A	data/graph_packages/india-cbse-science-learning-framework-classes-9-10/india-cbse-science-learning-framework-classes-9-10@undated+576740bed2d1/additional/lp_relationship_provenance_shard_27.json
A	data/graph_packages/india-cbse-science-learning-framework-classes-9-10/india-cbse-science-learning-framework-classes-9-10@undated+576740bed2d1/additional/lp_relationship_provenance_shard_28.json
A	data/graph_packages/india-cbse-science-learning-framework-classes-9-10/india-cbse-science-learning-framework-classes-9-10@undated+576740bed2d1/additional/lp_relationship_provenance_shard_29.json
A	data/graph_packages/india-cbse-science-learning-framework-classes-9-10/india-cbse-science-learning-framework-classes-9-10@undated+576740bed2d1/additional/lp_relationship_provenance_shard_30.json
A	data/graph_packages/india-cbse-science-learning-framework-classes-9-10/india-cbse-science-learning-framework-classes-9-10@undated+576740bed2d1/additional/lp_relationship_provenance_shard_31.json
A	data/graph_packages/india-cbse-science-learning-framework-classes-9-10/india-cbse-science-learning-framework-classes-9-10@undated+576740bed2d1/additional/lp_relationship_provenance_shard_32.json
A	data/graph_packages/india-cbse-science-learning-framework-classes-9-10/india-cbse-science-learning-framework-classes-9-10@undated+576740bed2d1/additional/lp_relationship_provenance_shard_33.json
A	data/graph_packages/india-cbse-science-learning-framework-classes-9-10/india-cbse-science-learning-framework-classes-9-10@undated+576740bed2d1/additional/lp_relationship_provenance_shard_34.json
A	data/graph_packages/india-cbse-science-learning-framework-classes-9-10/india-cbse-science-learning-framework-classes-9-10@undated+576740bed2d1/additional/lp_relationship_provenance_shard_35.json
A	data/graph_packages/india-cbse-science-learning-framework-classes-9-10/india-cbse-science-learning-framework-classes-9-10@undated+576740bed2d1/additional/lp_relationship_provenance_shard_36.json
A	data/graph_packages/india-cbse-science-learning-framework-classes-9-10/india-cbse-science-learning-framework-classes-9-10@undated+576740bed2d1/additional/lp_relationship_provenance_shard_37.json
A	data/graph_packages/india-cbse-science-learning-framework-classes-9-10/india-cbse-science-learning-framework-classes-9-10@undated+576740bed2d1/additional/lp_relationship_provenance_shard_38.json
A	data/graph_packages/india-cbse-science-learning-framework-classes-9-10/india-cbse-science-learning-framework-classes-9-10@undated+576740bed2d1/additional/lp_relationship_provenance_shard_39.json
A	data/graph_packages/india-cbse-science-learning-framework-classes-9-10/india-cbse-science-learning-framework-classes-9-10@undated+576740bed2d1/additional/lp_relationship_provenance_shard_40.json
A	data/graph_packages/india-cbse-science-learning-framework-classes-9-10/india-cbse-science-learning-framework-classes-9-10@undated+576740bed2d1/additional/lp_relationship_provenance_shard_41.json
A	data/graph_packages/india-cbse-science-learning-framework-classes-9-10/india-cbse-science-learning-framework-classes-9-10@undated+576740bed2d1/additional/lp_relationship_provenance_shard_42.json
A	data/graph_packages/india-cbse-science-learning-framework-classes-9-10/india-cbse-science-learning-framework-classes-9-10@undated+576740bed2d1/additional/lp_relationship_provenance_shard_43.json
A	data/graph_packages/india-cbse-science-learning-framework-classes-9-10/india-cbse-science-learning-framework-classes-9-10@undated+576740bed2d1/additional/lp_relationship_provenance_shard_44.json
A	data/graph_packages/india-cbse-science-learning-framework-classes-9-10/india-cbse-science-learning-framework-classes-9-10@undated+576740bed2d1/additional/lp_relationship_provenance_shard_45.json
A	data/graph_packages/india-cbse-science-learning-framework-classes-9-10/india-cbse-science-learning-framework-classes-9-10@undated+576740bed2d1/additional/lp_relationship_provenance_shard_46.json
A	data/graph_packages/india-cbse-science-learning-framework-classes-9-10/india-cbse-science-learning-framework-classes-9-10@undated+576740bed2d1/additional/lp_relationship_provenance_shard_47.json
A	data/graph_packages/india-cbse-science-learning-framework-classes-9-10/india-cbse-science-learning-framework-classes-9-10@undated+576740bed2d1/additional/lp_relationship_provenance_shard_48.json
A	data/graph_packages/india-cbse-science-learning-framework-classes-9-10/india-cbse-science-learning-framework-classes-9-10@undated+576740bed2d1/additional/lp_relationship_provenance_shard_49.json
A	data/graph_packages/india-cbse-science-learning-framework-classes-9-10/india-cbse-science-learning-framework-classes-9-10@undated+576740bed2d1/additional/lp_relationship_provenance_shard_50.json
A	data/graph_packages/india-cbse-science-learning-framework-classes-9-10/india-cbse-science-learning-framework-classes-9-10@undated+576740bed2d1/additional/lp_relationship_provenance_shard_51.json
A	data/graph_packages/india-cbse-science-learning-framework-classes-9-10/india-cbse-science-learning-framework-classes-9-10@undated+576740bed2d1/additional/lp_relationship_provenance_shard_52.json
A	data/graph_packages/india-cbse-science-learning-framework-classes-9-10/india-cbse-science-learning-framework-classes-9-10@undated+576740bed2d1/additional/lp_relationship_provenance_shard_53.json
A	data/graph_packages/india-cbse-science-learning-framework-classes-9-10/india-cbse-science-learning-framework-classes-9-10@undated+576740bed2d1/additional/lp_relationship_provenance_shard_54.json
A	data/graph_packages/india-cbse-science-learning-framework-classes-9-10/india-cbse-science-learning-framework-classes-9-10@undated+576740bed2d1/additional/lp_relationship_provenance_shard_55.json
A	data/graph_packages/india-cbse-science-learning-framework-classes-9-10/india-cbse-science-learning-framework-classes-9-10@undated+576740bed2d1/additional/lp_relationship_provenance_shard_56.json
A	data/graph_packages/india-cbse-science-learning-framework-classes-9-10/india-cbse-science-learning-framework-classes-9-10@undated+576740bed2d1/additional/lp_relationship_provenance_shard_57.json
A	data/graph_packages/india-cbse-science-learning-framework-classes-9-10/india-cbse-science-learning-framework-classes-9-10@undated+576740bed2d1/additional/lp_relationship_provenance_shard_58.json
A	data/graph_packages/india-cbse-science-learning-framework-classes-9-10/india-cbse-science-learning-framework-classes-9-10@undated+576740bed2d1/additional/lp_relationship_provenance_shard_59.json
A	data/graph_packages/india-cbse-science-learning-framework-classes-9-10/india-cbse-science-learning-framework-classes-9-10@undated+576740bed2d1/additional/lp_relationship_provenance_shard_60.json
A	data/graph_packages/india-cbse-science-learning-framework-classes-9-10/india-cbse-science-learning-framework-classes-9-10@undated+576740bed2d1/additional/lp_relationship_provenance_shard_61.json
A	data/graph_packages/india-cbse-science-learning-framework-classes-9-10/india-cbse-science-learning-framework-classes-9-10@undated+576740bed2d1/additional/lp_relationship_provenance_shard_62.json
A	data/graph_packages/india-cbse-science-learning-framework-classes-9-10/india-cbse-science-learning-framework-classes-9-10@undated+576740bed2d1/additional/lp_relationship_provenance_shard_63.json
R100	data/graph_packages/india-cbse-science-learning-framework-classes-9-10/india-cbse-science-learning-framework-classes-9-10@undated+e8361376ae1e/delivery/as_lc_nodes_pratham_science.jsonl	data/graph_packages/india-cbse-science-learning-framework-classes-9-10/india-cbse-science-learning-framework-classes-9-10@undated+576740bed2d1/delivery/as_lc_lp_nodes_india-cbse-science-learning-framework-classes-9-10.jsonl
A	data/graph_packages/india-cbse-science-learning-framework-classes-9-10/india-cbse-science-learning-framework-classes-9-10@undated+576740bed2d1/delivery/as_lc_lp_relationships_india-cbse-science-learning-framework-classes-9-10.jsonl
R099	data/graph_packages/india-cbse-science-learning-framework-classes-9-10/india-cbse-science-learning-framework-classes-9-10@undated+e8361376ae1e/detailed/as_entity_provenance.json	data/graph_packages/india-cbse-science-learning-framework-classes-9-10/india-cbse-science-learning-framework-classes-9-10@undated+576740bed2d1/detailed/as_entity_provenance.json
R099	data/graph_packages/india-cbse-science-learning-framework-classes-9-10/india-cbse-science-learning-framework-classes-9-10@undated+e8361376ae1e/detailed/as_kg_bundle.json	data/graph_packages/india-cbse-science-learning-framework-classes-9-10/india-cbse-science-learning-framework-classes-9-10@undated+576740bed2d1/detailed/as_kg_bundle.json
R099	data/graph_packages/india-cbse-science-learning-framework-classes-9-10/india-cbse-science-learning-framework-classes-9-10@undated+e8361376ae1e/detailed/as_lc_kg_bundle.json	data/graph_packages/india-cbse-science-learning-framework-classes-9-10/india-cbse-science-learning-framework-classes-9-10@undated+576740bed2d1/detailed/as_lc_kg_bundle.json
R086	data/graph_packages/india-cbse-science-learning-framework-classes-9-10/india-cbse-science-learning-framework-classes-9-10@undated+e8361376ae1e/detailed/as_lc_validation_report.json	data/graph_packages/india-cbse-science-learning-framework-classes-9-10/india-cbse-science-learning-framework-classes-9-10@undated+576740bed2d1/detailed/as_lc_validation_report.json
R100	data/graph_packages/india-cbse-science-learning-framework-classes-9-10/india-cbse-science-learning-framework-classes-9-10@undated+e8361376ae1e/detailed/as_relationships_has_child.jsonl	data/graph_packages/india-cbse-science-learning-framework-classes-9-10/india-cbse-science-learning-framework-classes-9-10@undated+576740bed2d1/detailed/as_relationships_has_child.jsonl
R100	data/graph_packages/india-cbse-science-learning-framework-classes-9-10/india-cbse-science-learning-framework-classes-9-10@undated+e8361376ae1e/detailed/as_standards_framework.json	data/graph_packages/india-cbse-science-learning-framework-classes-9-10/india-cbse-science-learning-framework-classes-9-10@undated+576740bed2d1/detailed/as_standards_framework.json
R100	data/graph_packages/india-cbse-science-learning-framework-classes-9-10/india-cbse-science-learning-framework-classes-9-10@undated+e8361376ae1e/detailed/as_standards_framework_items.jsonl	data/graph_packages/india-cbse-science-learning-framework-classes-9-10/india-cbse-science-learning-framework-classes-9-10@undated+576740bed2d1/detailed/as_standards_framework_items.jsonl
R100	data/graph_packages/india-cbse-science-learning-framework-classes-9-10/india-cbse-science-learning-framework-classes-9-10@undated+e8361376ae1e/detailed/as_unresolved_items.json	data/graph_packages/india-cbse-science-learning-framework-classes-9-10/india-cbse-science-learning-framework-classes-9-10@undated+576740bed2d1/detailed/as_unresolved_items.json
R100	data/graph_packages/india-cbse-science-learning-framework-classes-9-10/india-cbse-science-learning-framework-classes-9-10@undated+e8361376ae1e/detailed/lc_dedup_groups.json	data/graph_packages/india-cbse-science-learning-framework-classes-9-10/india-cbse-science-learning-framework-classes-9-10@undated+576740bed2d1/detailed/lc_dedup_groups.json
R100	data/graph_packages/india-cbse-science-learning-framework-classes-9-10/india-cbse-science-learning-framework-classes-9-10@undated+e8361376ae1e/detailed/lc_entity_provenance.json	data/graph_packages/india-cbse-science-learning-framework-classes-9-10/india-cbse-science-learning-framework-classes-9-10@undated+576740bed2d1/detailed/lc_entity_provenance.json
R100	data/graph_packages/india-cbse-science-learning-framework-classes-9-10/india-cbse-science-learning-framework-classes-9-10@undated+e8361376ae1e/detailed/lc_generation_summary.json	data/graph_packages/india-cbse-science-learning-framework-classes-9-10/india-cbse-science-learning-framework-classes-9-10@undated+576740bed2d1/detailed/lc_generation_summary.json
A	data/graph_packages/india-cbse-science-learning-framework-classes-9-10/india-cbse-science-learning-framework-classes-9-10@undated+576740bed2d1/detailed/lp_final_claims.json
A	data/graph_packages/india-cbse-science-learning-framework-classes-9-10/india-cbse-science-learning-framework-classes-9-10@undated+576740bed2d1/detailed/lp_generation_summary.json
A	data/graph_packages/india-cbse-science-learning-framework-classes-9-10/india-cbse-science-learning-framework-classes-9-10@undated+576740bed2d1/detailed/lp_normalization_receipt.json
A	data/graph_packages/india-cbse-science-learning-framework-classes-9-10/india-cbse-science-learning-framework-classes-9-10@undated+576740bed2d1/detailed/lp_relationship_provenance.json
A	data/graph_packages/india-cbse-science-learning-framework-classes-9-10/india-cbse-science-learning-framework-classes-9-10@undated+576740bed2d1/detailed/lp_relationship_provenance_index.json
A	data/graph_packages/india-cbse-science-learning-framework-classes-9-10/india-cbse-science-learning-framework-classes-9-10@undated+576740bed2d1/detailed/lp_relationships_builds_towards.jsonl
A	data/graph_packages/india-cbse-science-learning-framework-classes-9-10/india-cbse-science-learning-framework-classes-9-10@undated+576740bed2d1/detailed/lp_relationships_relates_to.jsonl
A	data/graph_packages/india-cbse-science-learning-framework-classes-9-10/india-cbse-science-learning-framework-classes-9-10@undated+576740bed2d1/detailed/lp_unresolved_items.json
A	data/graph_packages/india-cbse-science-learning-framework-classes-9-10/india-cbse-science-learning-framework-classes-9-10@undated+576740bed2d1/detailed/lp_validation_report.json
A	data/graph_packages/india-cbse-science-learning-framework-classes-9-10/india-cbse-science-learning-framework-classes-9-10@undated+576740bed2d1/package_manifest.json
D	data/graph_packages/india-cbse-science-learning-framework-classes-9-10/india-cbse-science-learning-framework-classes-9-10@undated+e8361376ae1e/delivery/as_lc_relationships_pratham_science.jsonl
D	data/graph_packages/india-cbse-science-learning-framework-classes-9-10/india-cbse-science-learning-framework-classes-9-10@undated+e8361376ae1e/package_manifest.json
D	data/graph_packages/india-tamil-nadu-tnscert-mathematics-classes-1-5/india-tamil-nadu-tnscert-mathematics-classes-1-5@2025-proposed-draft+3b9f8f89171e/delivery/as_lc_relationships_madhi_math.jsonl
D	data/graph_packages/india-tamil-nadu-tnscert-mathematics-classes-1-5/india-tamil-nadu-tnscert-mathematics-classes-1-5@2025-proposed-draft+3b9f8f89171e/package_manifest.json
A	data/graph_packages/india-tamil-nadu-tnscert-mathematics-classes-1-5/india-tamil-nadu-tnscert-mathematics-classes-1-5@2025-proposed-draft+aa0dd9310a0f/additional/lp_relationship_provenance_shard_00.json
A	data/graph_packages/india-tamil-nadu-tnscert-mathematics-classes-1-5/india-tamil-nadu-tnscert-mathematics-classes-1-5@2025-proposed-draft+aa0dd9310a0f/additional/lp_relationship_provenance_shard_01.json
A	data/graph_packages/india-tamil-nadu-tnscert-mathematics-classes-1-5/india-tamil-nadu-tnscert-mathematics-classes-1-5@2025-proposed-draft+aa0dd9310a0f/additional/lp_relationship_provenance_shard_02.json
A	data/graph_packages/india-tamil-nadu-tnscert-mathematics-classes-1-5/india-tamil-nadu-tnscert-mathematics-classes-1-5@2025-proposed-draft+aa0dd9310a0f/additional/lp_relationship_provenance_shard_03.json
A	data/graph_packages/india-tamil-nadu-tnscert-mathematics-classes-1-5/india-tamil-nadu-tnscert-mathematics-classes-1-5@2025-proposed-draft+aa0dd9310a0f/additional/lp_relationship_provenance_shard_04.json
A	data/graph_packages/india-tamil-nadu-tnscert-mathematics-classes-1-5/india-tamil-nadu-tnscert-mathematics-classes-1-5@2025-proposed-draft+aa0dd9310a0f/additional/lp_relationship_provenance_shard_05.json
A	data/graph_packages/india-tamil-nadu-tnscert-mathematics-classes-1-5/india-tamil-nadu-tnscert-mathematics-classes-1-5@2025-proposed-draft+aa0dd9310a0f/additional/lp_relationship_provenance_shard_06.json
A	data/graph_packages/india-tamil-nadu-tnscert-mathematics-classes-1-5/india-tamil-nadu-tnscert-mathematics-classes-1-5@2025-proposed-draft+aa0dd9310a0f/additional/lp_relationship_provenance_shard_07.json
A	data/graph_packages/india-tamil-nadu-tnscert-mathematics-classes-1-5/india-tamil-nadu-tnscert-mathematics-classes-1-5@2025-proposed-draft+aa0dd9310a0f/additional/lp_relationship_provenance_shard_08.json
A	data/graph_packages/india-tamil-nadu-tnscert-mathematics-classes-1-5/india-tamil-nadu-tnscert-mathematics-classes-1-5@2025-proposed-draft+aa0dd9310a0f/additional/lp_relationship_provenance_shard_09.json
A	data/graph_packages/india-tamil-nadu-tnscert-mathematics-classes-1-5/india-tamil-nadu-tnscert-mathematics-classes-1-5@2025-proposed-draft+aa0dd9310a0f/additional/lp_relationship_provenance_shard_10.json
A	data/graph_packages/india-tamil-nadu-tnscert-mathematics-classes-1-5/india-tamil-nadu-tnscert-mathematics-classes-1-5@2025-proposed-draft+aa0dd9310a0f/additional/lp_relationship_provenance_shard_11.json
A	data/graph_packages/india-tamil-nadu-tnscert-mathematics-classes-1-5/india-tamil-nadu-tnscert-mathematics-classes-1-5@2025-proposed-draft+aa0dd9310a0f/additional/lp_relationship_provenance_shard_12.json
A	data/graph_packages/india-tamil-nadu-tnscert-mathematics-classes-1-5/india-tamil-nadu-tnscert-mathematics-classes-1-5@2025-proposed-draft+aa0dd9310a0f/additional/lp_relationship_provenance_shard_13.json
A	data/graph_packages/india-tamil-nadu-tnscert-mathematics-classes-1-5/india-tamil-nadu-tnscert-mathematics-classes-1-5@2025-proposed-draft+aa0dd9310a0f/additional/lp_relationship_provenance_shard_14.json
A	data/graph_packages/india-tamil-nadu-tnscert-mathematics-classes-1-5/india-tamil-nadu-tnscert-mathematics-classes-1-5@2025-proposed-draft+aa0dd9310a0f/additional/lp_relationship_provenance_shard_15.json
A	data/graph_packages/india-tamil-nadu-tnscert-mathematics-classes-1-5/india-tamil-nadu-tnscert-mathematics-classes-1-5@2025-proposed-draft+aa0dd9310a0f/additional/lp_relationship_provenance_shard_16.json
A	data/graph_packages/india-tamil-nadu-tnscert-mathematics-classes-1-5/india-tamil-nadu-tnscert-mathematics-classes-1-5@2025-proposed-draft+aa0dd9310a0f/additional/lp_relationship_provenance_shard_17.json
A	data/graph_packages/india-tamil-nadu-tnscert-mathematics-classes-1-5/india-tamil-nadu-tnscert-mathematics-classes-1-5@2025-proposed-draft+aa0dd9310a0f/additional/lp_relationship_provenance_shard_18.json
A	data/graph_packages/india-tamil-nadu-tnscert-mathematics-classes-1-5/india-tamil-nadu-tnscert-mathematics-classes-1-5@2025-proposed-draft+aa0dd9310a0f/additional/lp_relationship_provenance_shard_19.json
A	data/graph_packages/india-tamil-nadu-tnscert-mathematics-classes-1-5/india-tamil-nadu-tnscert-mathematics-classes-1-5@2025-proposed-draft+aa0dd9310a0f/additional/lp_relationship_provenance_shard_20.json
A	data/graph_packages/india-tamil-nadu-tnscert-mathematics-classes-1-5/india-tamil-nadu-tnscert-mathematics-classes-1-5@2025-proposed-draft+aa0dd9310a0f/additional/lp_relationship_provenance_shard_21.json
A	data/graph_packages/india-tamil-nadu-tnscert-mathematics-classes-1-5/india-tamil-nadu-tnscert-mathematics-classes-1-5@2025-proposed-draft+aa0dd9310a0f/additional/lp_relationship_provenance_shard_22.json
A	data/graph_packages/india-tamil-nadu-tnscert-mathematics-classes-1-5/india-tamil-nadu-tnscert-mathematics-classes-1-5@2025-proposed-draft+aa0dd9310a0f/additional/lp_relationship_provenance_shard_23.json
A	data/graph_packages/india-tamil-nadu-tnscert-mathematics-classes-1-5/india-tamil-nadu-tnscert-mathematics-classes-1-5@2025-proposed-draft+aa0dd9310a0f/additional/lp_relationship_provenance_shard_24.json
A	data/graph_packages/india-tamil-nadu-tnscert-mathematics-classes-1-5/india-tamil-nadu-tnscert-mathematics-classes-1-5@2025-proposed-draft+aa0dd9310a0f/additional/lp_relationship_provenance_shard_25.json
A	data/graph_packages/india-tamil-nadu-tnscert-mathematics-classes-1-5/india-tamil-nadu-tnscert-mathematics-classes-1-5@2025-proposed-draft+aa0dd9310a0f/additional/lp_relationship_provenance_shard_26.json
A	data/graph_packages/india-tamil-nadu-tnscert-mathematics-classes-1-5/india-tamil-nadu-tnscert-mathematics-classes-1-5@2025-proposed-draft+aa0dd9310a0f/additional/lp_relationship_provenance_shard_27.json
A	data/graph_packages/india-tamil-nadu-tnscert-mathematics-classes-1-5/india-tamil-nadu-tnscert-mathematics-classes-1-5@2025-proposed-draft+aa0dd9310a0f/additional/lp_relationship_provenance_shard_28.json
A	data/graph_packages/india-tamil-nadu-tnscert-mathematics-classes-1-5/india-tamil-nadu-tnscert-mathematics-classes-1-5@2025-proposed-draft+aa0dd9310a0f/additional/lp_relationship_provenance_shard_29.json
A	data/graph_packages/india-tamil-nadu-tnscert-mathematics-classes-1-5/india-tamil-nadu-tnscert-mathematics-classes-1-5@2025-proposed-draft+aa0dd9310a0f/additional/lp_relationship_provenance_shard_30.json
A	data/graph_packages/india-tamil-nadu-tnscert-mathematics-classes-1-5/india-tamil-nadu-tnscert-mathematics-classes-1-5@2025-proposed-draft+aa0dd9310a0f/additional/lp_relationship_provenance_shard_31.json
A	data/graph_packages/india-tamil-nadu-tnscert-mathematics-classes-1-5/india-tamil-nadu-tnscert-mathematics-classes-1-5@2025-proposed-draft+aa0dd9310a0f/additional/lp_relationship_provenance_shard_32.json
A	data/graph_packages/india-tamil-nadu-tnscert-mathematics-classes-1-5/india-tamil-nadu-tnscert-mathematics-classes-1-5@2025-proposed-draft+aa0dd9310a0f/additional/lp_relationship_provenance_shard_33.json
A	data/graph_packages/india-tamil-nadu-tnscert-mathematics-classes-1-5/india-tamil-nadu-tnscert-mathematics-classes-1-5@2025-proposed-draft+aa0dd9310a0f/additional/lp_relationship_provenance_shard_34.json
A	data/graph_packages/india-tamil-nadu-tnscert-mathematics-classes-1-5/india-tamil-nadu-tnscert-mathematics-classes-1-5@2025-proposed-draft+aa0dd9310a0f/additional/lp_relationship_provenance_shard_35.json
A	data/graph_packages/india-tamil-nadu-tnscert-mathematics-classes-1-5/india-tamil-nadu-tnscert-mathematics-classes-1-5@2025-proposed-draft+aa0dd9310a0f/additional/lp_relationship_provenance_shard_36.json
A	data/graph_packages/india-tamil-nadu-tnscert-mathematics-classes-1-5/india-tamil-nadu-tnscert-mathematics-classes-1-5@2025-proposed-draft+aa0dd9310a0f/additional/lp_relationship_provenance_shard_37.json
A	data/graph_packages/india-tamil-nadu-tnscert-mathematics-classes-1-5/india-tamil-nadu-tnscert-mathematics-classes-1-5@2025-proposed-draft+aa0dd9310a0f/additional/lp_relationship_provenance_shard_38.json
A	data/graph_packages/india-tamil-nadu-tnscert-mathematics-classes-1-5/india-tamil-nadu-tnscert-mathematics-classes-1-5@2025-proposed-draft+aa0dd9310a0f/additional/lp_relationship_provenance_shard_39.json
A	data/graph_packages/india-tamil-nadu-tnscert-mathematics-classes-1-5/india-tamil-nadu-tnscert-mathematics-classes-1-5@2025-proposed-draft+aa0dd9310a0f/additional/lp_relationship_provenance_shard_40.json
A	data/graph_packages/india-tamil-nadu-tnscert-mathematics-classes-1-5/india-tamil-nadu-tnscert-mathematics-classes-1-5@2025-proposed-draft+aa0dd9310a0f/additional/lp_relationship_provenance_shard_41.json
A	data/graph_packages/india-tamil-nadu-tnscert-mathematics-classes-1-5/india-tamil-nadu-tnscert-mathematics-classes-1-5@2025-proposed-draft+aa0dd9310a0f/additional/lp_relationship_provenance_shard_42.json
A	data/graph_packages/india-tamil-nadu-tnscert-mathematics-classes-1-5/india-tamil-nadu-tnscert-mathematics-classes-1-5@2025-proposed-draft+aa0dd9310a0f/additional/lp_relationship_provenance_shard_43.json
A	data/graph_packages/india-tamil-nadu-tnscert-mathematics-classes-1-5/india-tamil-nadu-tnscert-mathematics-classes-1-5@2025-proposed-draft+aa0dd9310a0f/additional/lp_relationship_provenance_shard_44.json
A	data/graph_packages/india-tamil-nadu-tnscert-mathematics-classes-1-5/india-tamil-nadu-tnscert-mathematics-classes-1-5@2025-proposed-draft+aa0dd9310a0f/additional/lp_relationship_provenance_shard_45.json
A	data/graph_packages/india-tamil-nadu-tnscert-mathematics-classes-1-5/india-tamil-nadu-tnscert-mathematics-classes-1-5@2025-proposed-draft+aa0dd9310a0f/additional/lp_relationship_provenance_shard_46.json
A	data/graph_packages/india-tamil-nadu-tnscert-mathematics-classes-1-5/india-tamil-nadu-tnscert-mathematics-classes-1-5@2025-proposed-draft+aa0dd9310a0f/additional/lp_relationship_provenance_shard_47.json
A	data/graph_packages/india-tamil-nadu-tnscert-mathematics-classes-1-5/india-tamil-nadu-tnscert-mathematics-classes-1-5@2025-proposed-draft+aa0dd9310a0f/additional/lp_relationship_provenance_shard_48.json
A	data/graph_packages/india-tamil-nadu-tnscert-mathematics-classes-1-5/india-tamil-nadu-tnscert-mathematics-classes-1-5@2025-proposed-draft+aa0dd9310a0f/additional/lp_relationship_provenance_shard_49.json
A	data/graph_packages/india-tamil-nadu-tnscert-mathematics-classes-1-5/india-tamil-nadu-tnscert-mathematics-classes-1-5@2025-proposed-draft+aa0dd9310a0f/additional/lp_relationship_provenance_shard_50.json
A	data/graph_packages/india-tamil-nadu-tnscert-mathematics-classes-1-5/india-tamil-nadu-tnscert-mathematics-classes-1-5@2025-proposed-draft+aa0dd9310a0f/additional/lp_relationship_provenance_shard_51.json
A	data/graph_packages/india-tamil-nadu-tnscert-mathematics-classes-1-5/india-tamil-nadu-tnscert-mathematics-classes-1-5@2025-proposed-draft+aa0dd9310a0f/additional/lp_relationship_provenance_shard_52.json
A	data/graph_packages/india-tamil-nadu-tnscert-mathematics-classes-1-5/india-tamil-nadu-tnscert-mathematics-classes-1-5@2025-proposed-draft+aa0dd9310a0f/additional/lp_relationship_provenance_shard_53.json
A	data/graph_packages/india-tamil-nadu-tnscert-mathematics-classes-1-5/india-tamil-nadu-tnscert-mathematics-classes-1-5@2025-proposed-draft+aa0dd9310a0f/additional/lp_relationship_provenance_shard_54.json
A	data/graph_packages/india-tamil-nadu-tnscert-mathematics-classes-1-5/india-tamil-nadu-tnscert-mathematics-classes-1-5@2025-proposed-draft+aa0dd9310a0f/additional/lp_relationship_provenance_shard_55.json
A	data/graph_packages/india-tamil-nadu-tnscert-mathematics-classes-1-5/india-tamil-nadu-tnscert-mathematics-classes-1-5@2025-proposed-draft+aa0dd9310a0f/additional/lp_relationship_provenance_shard_56.json
A	data/graph_packages/india-tamil-nadu-tnscert-mathematics-classes-1-5/india-tamil-nadu-tnscert-mathematics-classes-1-5@2025-proposed-draft+aa0dd9310a0f/additional/lp_relationship_provenance_shard_57.json
A	data/graph_packages/india-tamil-nadu-tnscert-mathematics-classes-1-5/india-tamil-nadu-tnscert-mathematics-classes-1-5@2025-proposed-draft+aa0dd9310a0f/additional/lp_relationship_provenance_shard_58.json
A	data/graph_packages/india-tamil-nadu-tnscert-mathematics-classes-1-5/india-tamil-nadu-tnscert-mathematics-classes-1-5@2025-proposed-draft+aa0dd9310a0f/additional/lp_relationship_provenance_shard_59.json
A	data/graph_packages/india-tamil-nadu-tnscert-mathematics-classes-1-5/india-tamil-nadu-tnscert-mathematics-classes-1-5@2025-proposed-draft+aa0dd9310a0f/additional/lp_relationship_provenance_shard_60.json
A	data/graph_packages/india-tamil-nadu-tnscert-mathematics-classes-1-5/india-tamil-nadu-tnscert-mathematics-classes-1-5@2025-proposed-draft+aa0dd9310a0f/additional/lp_relationship_provenance_shard_61.json
A	data/graph_packages/india-tamil-nadu-tnscert-mathematics-classes-1-5/india-tamil-nadu-tnscert-mathematics-classes-1-5@2025-proposed-draft+aa0dd9310a0f/additional/lp_relationship_provenance_shard_62.json
A	data/graph_packages/india-tamil-nadu-tnscert-mathematics-classes-1-5/india-tamil-nadu-tnscert-mathematics-classes-1-5@2025-proposed-draft+aa0dd9310a0f/additional/lp_relationship_provenance_shard_63.json
R100	data/graph_packages/india-tamil-nadu-tnscert-mathematics-classes-1-5/india-tamil-nadu-tnscert-mathematics-classes-1-5@2025-proposed-draft+3b9f8f89171e/delivery/as_lc_nodes_madhi_math.jsonl	data/graph_packages/india-tamil-nadu-tnscert-mathematics-classes-1-5/india-tamil-nadu-tnscert-mathematics-classes-1-5@2025-proposed-draft+aa0dd9310a0f/delivery/as_lc_lp_nodes_india-tamil-nadu-tnscert-mathematics-classes-1-5.jsonl
A	data/graph_packages/india-tamil-nadu-tnscert-mathematics-classes-1-5/india-tamil-nadu-tnscert-mathematics-classes-1-5@2025-proposed-draft+aa0dd9310a0f/delivery/as_lc_lp_relationships_india-tamil-nadu-tnscert-mathematics-classes-1-5.jsonl
R099	data/graph_packages/india-tamil-nadu-tnscert-mathematics-classes-1-5/india-tamil-nadu-tnscert-mathematics-classes-1-5@2025-proposed-draft+3b9f8f89171e/detailed/as_entity_provenance.json	data/graph_packages/india-tamil-nadu-tnscert-mathematics-classes-1-5/india-tamil-nadu-tnscert-mathematics-classes-1-5@2025-proposed-draft+aa0dd9310a0f/detailed/as_entity_provenance.json
R099	data/graph_packages/india-tamil-nadu-tnscert-mathematics-classes-1-5/india-tamil-nadu-tnscert-mathematics-classes-1-5@2025-proposed-draft+3b9f8f89171e/detailed/as_kg_bundle.json	data/graph_packages/india-tamil-nadu-tnscert-mathematics-classes-1-5/india-tamil-nadu-tnscert-mathematics-classes-1-5@2025-proposed-draft+aa0dd9310a0f/detailed/as_kg_bundle.json
R099	data/graph_packages/india-tamil-nadu-tnscert-mathematics-classes-1-5/india-tamil-nadu-tnscert-mathematics-classes-1-5@2025-proposed-draft+3b9f8f89171e/detailed/as_lc_kg_bundle.json	data/graph_packages/india-tamil-nadu-tnscert-mathematics-classes-1-5/india-tamil-nadu-tnscert-mathematics-classes-1-5@2025-proposed-draft+aa0dd9310a0f/detailed/as_lc_kg_bundle.json
R086	data/graph_packages/india-tamil-nadu-tnscert-mathematics-classes-1-5/india-tamil-nadu-tnscert-mathematics-classes-1-5@2025-proposed-draft+3b9f8f89171e/detailed/as_lc_validation_report.json	data/graph_packages/india-tamil-nadu-tnscert-mathematics-classes-1-5/india-tamil-nadu-tnscert-mathematics-classes-1-5@2025-proposed-draft+aa0dd9310a0f/detailed/as_lc_validation_report.json
R100	data/graph_packages/india-tamil-nadu-tnscert-mathematics-classes-1-5/india-tamil-nadu-tnscert-mathematics-classes-1-5@2025-proposed-draft+3b9f8f89171e/detailed/as_relationships_has_child.jsonl	data/graph_packages/india-tamil-nadu-tnscert-mathematics-classes-1-5/india-tamil-nadu-tnscert-mathematics-classes-1-5@2025-proposed-draft+aa0dd9310a0f/detailed/as_relationships_has_child.jsonl
R100	data/graph_packages/india-tamil-nadu-tnscert-mathematics-classes-1-5/india-tamil-nadu-tnscert-mathematics-classes-1-5@2025-proposed-draft+3b9f8f89171e/detailed/as_standards_framework.json	data/graph_packages/india-tamil-nadu-tnscert-mathematics-classes-1-5/india-tamil-nadu-tnscert-mathematics-classes-1-5@2025-proposed-draft+aa0dd9310a0f/detailed/as_standards_framework.json
R100	data/graph_packages/india-tamil-nadu-tnscert-mathematics-classes-1-5/india-tamil-nadu-tnscert-mathematics-classes-1-5@2025-proposed-draft+3b9f8f89171e/detailed/as_standards_framework_items.jsonl	data/graph_packages/india-tamil-nadu-tnscert-mathematics-classes-1-5/india-tamil-nadu-tnscert-mathematics-classes-1-5@2025-proposed-draft+aa0dd9310a0f/detailed/as_standards_framework_items.jsonl
R100	data/graph_packages/india-tamil-nadu-tnscert-mathematics-classes-1-5/india-tamil-nadu-tnscert-mathematics-classes-1-5@2025-proposed-draft+3b9f8f89171e/detailed/as_unresolved_items.json	data/graph_packages/india-tamil-nadu-tnscert-mathematics-classes-1-5/india-tamil-nadu-tnscert-mathematics-classes-1-5@2025-proposed-draft+aa0dd9310a0f/detailed/as_unresolved_items.json
R100	data/graph_packages/india-tamil-nadu-tnscert-mathematics-classes-1-5/india-tamil-nadu-tnscert-mathematics-classes-1-5@2025-proposed-draft+3b9f8f89171e/detailed/lc_dedup_groups.json	data/graph_packages/india-tamil-nadu-tnscert-mathematics-classes-1-5/india-tamil-nadu-tnscert-mathematics-classes-1-5@2025-proposed-draft+aa0dd9310a0f/detailed/lc_dedup_groups.json
R100	data/graph_packages/india-tamil-nadu-tnscert-mathematics-classes-1-5/india-tamil-nadu-tnscert-mathematics-classes-1-5@2025-proposed-draft+3b9f8f89171e/detailed/lc_entity_provenance.json	data/graph_packages/india-tamil-nadu-tnscert-mathematics-classes-1-5/india-tamil-nadu-tnscert-mathematics-classes-1-5@2025-proposed-draft+aa0dd9310a0f/detailed/lc_entity_provenance.json
R100	data/graph_packages/india-tamil-nadu-tnscert-mathematics-classes-1-5/india-tamil-nadu-tnscert-mathematics-classes-1-5@2025-proposed-draft+3b9f8f89171e/detailed/lc_generation_summary.json	data/graph_packages/india-tamil-nadu-tnscert-mathematics-classes-1-5/india-tamil-nadu-tnscert-mathematics-classes-1-5@2025-proposed-draft+aa0dd9310a0f/detailed/lc_generation_summary.json
A	data/graph_packages/india-tamil-nadu-tnscert-mathematics-classes-1-5/india-tamil-nadu-tnscert-mathematics-classes-1-5@2025-proposed-draft+aa0dd9310a0f/detailed/lp_final_claims.json
A	data/graph_packages/india-tamil-nadu-tnscert-mathematics-classes-1-5/india-tamil-nadu-tnscert-mathematics-classes-1-5@2025-proposed-draft+aa0dd9310a0f/detailed/lp_generation_summary.json
A	data/graph_packages/india-tamil-nadu-tnscert-mathematics-classes-1-5/india-tamil-nadu-tnscert-mathematics-classes-1-5@2025-proposed-draft+aa0dd9310a0f/detailed/lp_normalization_receipt.json
A	data/graph_packages/india-tamil-nadu-tnscert-mathematics-classes-1-5/india-tamil-nadu-tnscert-mathematics-classes-1-5@2025-proposed-draft+aa0dd9310a0f/detailed/lp_relationship_provenance.json
A	data/graph_packages/india-tamil-nadu-tnscert-mathematics-classes-1-5/india-tamil-nadu-tnscert-mathematics-classes-1-5@2025-proposed-draft+aa0dd9310a0f/detailed/lp_relationship_provenance_index.json
A	data/graph_packages/india-tamil-nadu-tnscert-mathematics-classes-1-5/india-tamil-nadu-tnscert-mathematics-classes-1-5@2025-proposed-draft+aa0dd9310a0f/detailed/lp_relationships_builds_towards.jsonl
A	data/graph_packages/india-tamil-nadu-tnscert-mathematics-classes-1-5/india-tamil-nadu-tnscert-mathematics-classes-1-5@2025-proposed-draft+aa0dd9310a0f/detailed/lp_relationships_relates_to.jsonl
A	data/graph_packages/india-tamil-nadu-tnscert-mathematics-classes-1-5/india-tamil-nadu-tnscert-mathematics-classes-1-5@2025-proposed-draft+aa0dd9310a0f/detailed/lp_unresolved_items.json
A	data/graph_packages/india-tamil-nadu-tnscert-mathematics-classes-1-5/india-tamil-nadu-tnscert-mathematics-classes-1-5@2025-proposed-draft+aa0dd9310a0f/detailed/lp_validation_report.json
A	data/graph_packages/india-tamil-nadu-tnscert-mathematics-classes-1-5/india-tamil-nadu-tnscert-mathematics-classes-1-5@2025-proposed-draft+aa0dd9310a0f/package_manifest.json
D	data/graph_packages/nigeria-nerdc-mathematics-primary-1-3/nigeria-nerdc-mathematics-primary-1-3@undated+3f35e11c6624/delivery/as_lc_relationships_nigeria_math.jsonl
D	data/graph_packages/nigeria-nerdc-mathematics-primary-1-3/nigeria-nerdc-mathematics-primary-1-3@undated+3f35e11c6624/package_manifest.json
A	data/graph_packages/nigeria-nerdc-mathematics-primary-1-3/nigeria-nerdc-mathematics-primary-1-3@undated+bc5e769ed26f/additional/lp_relationship_provenance_shard_00.json
A	data/graph_packages/nigeria-nerdc-mathematics-primary-1-3/nigeria-nerdc-mathematics-primary-1-3@undated+bc5e769ed26f/additional/lp_relationship_provenance_shard_01.json
A	data/graph_packages/nigeria-nerdc-mathematics-primary-1-3/nigeria-nerdc-mathematics-primary-1-3@undated+bc5e769ed26f/additional/lp_relationship_provenance_shard_02.json
A	data/graph_packages/nigeria-nerdc-mathematics-primary-1-3/nigeria-nerdc-mathematics-primary-1-3@undated+bc5e769ed26f/additional/lp_relationship_provenance_shard_03.json
A	data/graph_packages/nigeria-nerdc-mathematics-primary-1-3/nigeria-nerdc-mathematics-primary-1-3@undated+bc5e769ed26f/additional/lp_relationship_provenance_shard_04.json
A	data/graph_packages/nigeria-nerdc-mathematics-primary-1-3/nigeria-nerdc-mathematics-primary-1-3@undated+bc5e769ed26f/additional/lp_relationship_provenance_shard_05.json
A	data/graph_packages/nigeria-nerdc-mathematics-primary-1-3/nigeria-nerdc-mathematics-primary-1-3@undated+bc5e769ed26f/additional/lp_relationship_provenance_shard_06.json
A	data/graph_packages/nigeria-nerdc-mathematics-primary-1-3/nigeria-nerdc-mathematics-primary-1-3@undated+bc5e769ed26f/additional/lp_relationship_provenance_shard_07.json
A	data/graph_packages/nigeria-nerdc-mathematics-primary-1-3/nigeria-nerdc-mathematics-primary-1-3@undated+bc5e769ed26f/additional/lp_relationship_provenance_shard_08.json
A	data/graph_packages/nigeria-nerdc-mathematics-primary-1-3/nigeria-nerdc-mathematics-primary-1-3@undated+bc5e769ed26f/additional/lp_relationship_provenance_shard_09.json
A	data/graph_packages/nigeria-nerdc-mathematics-primary-1-3/nigeria-nerdc-mathematics-primary-1-3@undated+bc5e769ed26f/additional/lp_relationship_provenance_shard_10.json
A	data/graph_packages/nigeria-nerdc-mathematics-primary-1-3/nigeria-nerdc-mathematics-primary-1-3@undated+bc5e769ed26f/additional/lp_relationship_provenance_shard_11.json
A	data/graph_packages/nigeria-nerdc-mathematics-primary-1-3/nigeria-nerdc-mathematics-primary-1-3@undated+bc5e769ed26f/additional/lp_relationship_provenance_shard_12.json
A	data/graph_packages/nigeria-nerdc-mathematics-primary-1-3/nigeria-nerdc-mathematics-primary-1-3@undated+bc5e769ed26f/additional/lp_relationship_provenance_shard_13.json
A	data/graph_packages/nigeria-nerdc-mathematics-primary-1-3/nigeria-nerdc-mathematics-primary-1-3@undated+bc5e769ed26f/additional/lp_relationship_provenance_shard_14.json
A	data/graph_packages/nigeria-nerdc-mathematics-primary-1-3/nigeria-nerdc-mathematics-primary-1-3@undated+bc5e769ed26f/additional/lp_relationship_provenance_shard_15.json
A	data/graph_packages/nigeria-nerdc-mathematics-primary-1-3/nigeria-nerdc-mathematics-primary-1-3@undated+bc5e769ed26f/additional/lp_relationship_provenance_shard_16.json
A	data/graph_packages/nigeria-nerdc-mathematics-primary-1-3/nigeria-nerdc-mathematics-primary-1-3@undated+bc5e769ed26f/additional/lp_relationship_provenance_shard_17.json
A	data/graph_packages/nigeria-nerdc-mathematics-primary-1-3/nigeria-nerdc-mathematics-primary-1-3@undated+bc5e769ed26f/additional/lp_relationship_provenance_shard_18.json
A	data/graph_packages/nigeria-nerdc-mathematics-primary-1-3/nigeria-nerdc-mathematics-primary-1-3@undated+bc5e769ed26f/additional/lp_relationship_provenance_shard_19.json
A	data/graph_packages/nigeria-nerdc-mathematics-primary-1-3/nigeria-nerdc-mathematics-primary-1-3@undated+bc5e769ed26f/additional/lp_relationship_provenance_shard_20.json
A	data/graph_packages/nigeria-nerdc-mathematics-primary-1-3/nigeria-nerdc-mathematics-primary-1-3@undated+bc5e769ed26f/additional/lp_relationship_provenance_shard_21.json
A	data/graph_packages/nigeria-nerdc-mathematics-primary-1-3/nigeria-nerdc-mathematics-primary-1-3@undated+bc5e769ed26f/additional/lp_relationship_provenance_shard_22.json
A	data/graph_packages/nigeria-nerdc-mathematics-primary-1-3/nigeria-nerdc-mathematics-primary-1-3@undated+bc5e769ed26f/additional/lp_relationship_provenance_shard_23.json
A	data/graph_packages/nigeria-nerdc-mathematics-primary-1-3/nigeria-nerdc-mathematics-primary-1-3@undated+bc5e769ed26f/additional/lp_relationship_provenance_shard_24.json
A	data/graph_packages/nigeria-nerdc-mathematics-primary-1-3/nigeria-nerdc-mathematics-primary-1-3@undated+bc5e769ed26f/additional/lp_relationship_provenance_shard_25.json
A	data/graph_packages/nigeria-nerdc-mathematics-primary-1-3/nigeria-nerdc-mathematics-primary-1-3@undated+bc5e769ed26f/additional/lp_relationship_provenance_shard_26.json
A	data/graph_packages/nigeria-nerdc-mathematics-primary-1-3/nigeria-nerdc-mathematics-primary-1-3@undated+bc5e769ed26f/additional/lp_relationship_provenance_shard_27.json
A	data/graph_packages/nigeria-nerdc-mathematics-primary-1-3/nigeria-nerdc-mathematics-primary-1-3@undated+bc5e769ed26f/additional/lp_relationship_provenance_shard_28.json
A	data/graph_packages/nigeria-nerdc-mathematics-primary-1-3/nigeria-nerdc-mathematics-primary-1-3@undated+bc5e769ed26f/additional/lp_relationship_provenance_shard_29.json
A	data/graph_packages/nigeria-nerdc-mathematics-primary-1-3/nigeria-nerdc-mathematics-primary-1-3@undated+bc5e769ed26f/additional/lp_relationship_provenance_shard_30.json
A	data/graph_packages/nigeria-nerdc-mathematics-primary-1-3/nigeria-nerdc-mathematics-primary-1-3@undated+bc5e769ed26f/additional/lp_relationship_provenance_shard_31.json
A	data/graph_packages/nigeria-nerdc-mathematics-primary-1-3/nigeria-nerdc-mathematics-primary-1-3@undated+bc5e769ed26f/additional/lp_relationship_provenance_shard_32.json
A	data/graph_packages/nigeria-nerdc-mathematics-primary-1-3/nigeria-nerdc-mathematics-primary-1-3@undated+bc5e769ed26f/additional/lp_relationship_provenance_shard_33.json
A	data/graph_packages/nigeria-nerdc-mathematics-primary-1-3/nigeria-nerdc-mathematics-primary-1-3@undated+bc5e769ed26f/additional/lp_relationship_provenance_shard_34.json
A	data/graph_packages/nigeria-nerdc-mathematics-primary-1-3/nigeria-nerdc-mathematics-primary-1-3@undated+bc5e769ed26f/additional/lp_relationship_provenance_shard_35.json
A	data/graph_packages/nigeria-nerdc-mathematics-primary-1-3/nigeria-nerdc-mathematics-primary-1-3@undated+bc5e769ed26f/additional/lp_relationship_provenance_shard_36.json
A	data/graph_packages/nigeria-nerdc-mathematics-primary-1-3/nigeria-nerdc-mathematics-primary-1-3@undated+bc5e769ed26f/additional/lp_relationship_provenance_shard_37.json
A	data/graph_packages/nigeria-nerdc-mathematics-primary-1-3/nigeria-nerdc-mathematics-primary-1-3@undated+bc5e769ed26f/additional/lp_relationship_provenance_shard_38.json
A	data/graph_packages/nigeria-nerdc-mathematics-primary-1-3/nigeria-nerdc-mathematics-primary-1-3@undated+bc5e769ed26f/additional/lp_relationship_provenance_shard_39.json
A	data/graph_packages/nigeria-nerdc-mathematics-primary-1-3/nigeria-nerdc-mathematics-primary-1-3@undated+bc5e769ed26f/additional/lp_relationship_provenance_shard_40.json
A	data/graph_packages/nigeria-nerdc-mathematics-primary-1-3/nigeria-nerdc-mathematics-primary-1-3@undated+bc5e769ed26f/additional/lp_relationship_provenance_shard_41.json
A	data/graph_packages/nigeria-nerdc-mathematics-primary-1-3/nigeria-nerdc-mathematics-primary-1-3@undated+bc5e769ed26f/additional/lp_relationship_provenance_shard_42.json
A	data/graph_packages/nigeria-nerdc-mathematics-primary-1-3/nigeria-nerdc-mathematics-primary-1-3@undated+bc5e769ed26f/additional/lp_relationship_provenance_shard_43.json
A	data/graph_packages/nigeria-nerdc-mathematics-primary-1-3/nigeria-nerdc-mathematics-primary-1-3@undated+bc5e769ed26f/additional/lp_relationship_provenance_shard_44.json
A	data/graph_packages/nigeria-nerdc-mathematics-primary-1-3/nigeria-nerdc-mathematics-primary-1-3@undated+bc5e769ed26f/additional/lp_relationship_provenance_shard_45.json
A	data/graph_packages/nigeria-nerdc-mathematics-primary-1-3/nigeria-nerdc-mathematics-primary-1-3@undated+bc5e769ed26f/additional/lp_relationship_provenance_shard_46.json
A	data/graph_packages/nigeria-nerdc-mathematics-primary-1-3/nigeria-nerdc-mathematics-primary-1-3@undated+bc5e769ed26f/additional/lp_relationship_provenance_shard_47.json
A	data/graph_packages/nigeria-nerdc-mathematics-primary-1-3/nigeria-nerdc-mathematics-primary-1-3@undated+bc5e769ed26f/additional/lp_relationship_provenance_shard_48.json
A	data/graph_packages/nigeria-nerdc-mathematics-primary-1-3/nigeria-nerdc-mathematics-primary-1-3@undated+bc5e769ed26f/additional/lp_relationship_provenance_shard_49.json
A	data/graph_packages/nigeria-nerdc-mathematics-primary-1-3/nigeria-nerdc-mathematics-primary-1-3@undated+bc5e769ed26f/additional/lp_relationship_provenance_shard_50.json
A	data/graph_packages/nigeria-nerdc-mathematics-primary-1-3/nigeria-nerdc-mathematics-primary-1-3@undated+bc5e769ed26f/additional/lp_relationship_provenance_shard_51.json
A	data/graph_packages/nigeria-nerdc-mathematics-primary-1-3/nigeria-nerdc-mathematics-primary-1-3@undated+bc5e769ed26f/additional/lp_relationship_provenance_shard_52.json
A	data/graph_packages/nigeria-nerdc-mathematics-primary-1-3/nigeria-nerdc-mathematics-primary-1-3@undated+bc5e769ed26f/additional/lp_relationship_provenance_shard_53.json
A	data/graph_packages/nigeria-nerdc-mathematics-primary-1-3/nigeria-nerdc-mathematics-primary-1-3@undated+bc5e769ed26f/additional/lp_relationship_provenance_shard_54.json
A	data/graph_packages/nigeria-nerdc-mathematics-primary-1-3/nigeria-nerdc-mathematics-primary-1-3@undated+bc5e769ed26f/additional/lp_relationship_provenance_shard_55.json
A	data/graph_packages/nigeria-nerdc-mathematics-primary-1-3/nigeria-nerdc-mathematics-primary-1-3@undated+bc5e769ed26f/additional/lp_relationship_provenance_shard_56.json
A	data/graph_packages/nigeria-nerdc-mathematics-primary-1-3/nigeria-nerdc-mathematics-primary-1-3@undated+bc5e769ed26f/additional/lp_relationship_provenance_shard_57.json
A	data/graph_packages/nigeria-nerdc-mathematics-primary-1-3/nigeria-nerdc-mathematics-primary-1-3@undated+bc5e769ed26f/additional/lp_relationship_provenance_shard_58.json
A	data/graph_packages/nigeria-nerdc-mathematics-primary-1-3/nigeria-nerdc-mathematics-primary-1-3@undated+bc5e769ed26f/additional/lp_relationship_provenance_shard_59.json
A	data/graph_packages/nigeria-nerdc-mathematics-primary-1-3/nigeria-nerdc-mathematics-primary-1-3@undated+bc5e769ed26f/additional/lp_relationship_provenance_shard_60.json
A	data/graph_packages/nigeria-nerdc-mathematics-primary-1-3/nigeria-nerdc-mathematics-primary-1-3@undated+bc5e769ed26f/additional/lp_relationship_provenance_shard_61.json
A	data/graph_packages/nigeria-nerdc-mathematics-primary-1-3/nigeria-nerdc-mathematics-primary-1-3@undated+bc5e769ed26f/additional/lp_relationship_provenance_shard_62.json
A	data/graph_packages/nigeria-nerdc-mathematics-primary-1-3/nigeria-nerdc-mathematics-primary-1-3@undated+bc5e769ed26f/additional/lp_relationship_provenance_shard_63.json
R100	data/graph_packages/nigeria-nerdc-mathematics-primary-1-3/nigeria-nerdc-mathematics-primary-1-3@undated+3f35e11c6624/delivery/as_lc_nodes_nigeria_math.jsonl	data/graph_packages/nigeria-nerdc-mathematics-primary-1-3/nigeria-nerdc-mathematics-primary-1-3@undated+bc5e769ed26f/delivery/as_lc_lp_nodes_nigeria-nerdc-mathematics-primary-1-3.jsonl
A	data/graph_packages/nigeria-nerdc-mathematics-primary-1-3/nigeria-nerdc-mathematics-primary-1-3@undated+bc5e769ed26f/delivery/as_lc_lp_relationships_nigeria-nerdc-mathematics-primary-1-3.jsonl
R100	data/graph_packages/nigeria-nerdc-mathematics-primary-1-3/nigeria-nerdc-mathematics-primary-1-3@undated+3f35e11c6624/detailed/as_entity_provenance.json	data/graph_packages/nigeria-nerdc-mathematics-primary-1-3/nigeria-nerdc-mathematics-primary-1-3@undated+bc5e769ed26f/detailed/as_entity_provenance.json
R099	data/graph_packages/nigeria-nerdc-mathematics-primary-1-3/nigeria-nerdc-mathematics-primary-1-3@undated+3f35e11c6624/detailed/as_kg_bundle.json	data/graph_packages/nigeria-nerdc-mathematics-primary-1-3/nigeria-nerdc-mathematics-primary-1-3@undated+bc5e769ed26f/detailed/as_kg_bundle.json
R099	data/graph_packages/nigeria-nerdc-mathematics-primary-1-3/nigeria-nerdc-mathematics-primary-1-3@undated+3f35e11c6624/detailed/as_lc_kg_bundle.json	data/graph_packages/nigeria-nerdc-mathematics-primary-1-3/nigeria-nerdc-mathematics-primary-1-3@undated+bc5e769ed26f/detailed/as_lc_kg_bundle.json
R086	data/graph_packages/nigeria-nerdc-mathematics-primary-1-3/nigeria-nerdc-mathematics-primary-1-3@undated+3f35e11c6624/detailed/as_lc_validation_report.json	data/graph_packages/nigeria-nerdc-mathematics-primary-1-3/nigeria-nerdc-mathematics-primary-1-3@undated+bc5e769ed26f/detailed/as_lc_validation_report.json
R100	data/graph_packages/nigeria-nerdc-mathematics-primary-1-3/nigeria-nerdc-mathematics-primary-1-3@undated+3f35e11c6624/detailed/as_relationships_has_child.jsonl	data/graph_packages/nigeria-nerdc-mathematics-primary-1-3/nigeria-nerdc-mathematics-primary-1-3@undated+bc5e769ed26f/detailed/as_relationships_has_child.jsonl
R100	data/graph_packages/nigeria-nerdc-mathematics-primary-1-3/nigeria-nerdc-mathematics-primary-1-3@undated+3f35e11c6624/detailed/as_standards_framework.json	data/graph_packages/nigeria-nerdc-mathematics-primary-1-3/nigeria-nerdc-mathematics-primary-1-3@undated+bc5e769ed26f/detailed/as_standards_framework.json
R100	data/graph_packages/nigeria-nerdc-mathematics-primary-1-3/nigeria-nerdc-mathematics-primary-1-3@undated+3f35e11c6624/detailed/as_standards_framework_items.jsonl	data/graph_packages/nigeria-nerdc-mathematics-primary-1-3/nigeria-nerdc-mathematics-primary-1-3@undated+bc5e769ed26f/detailed/as_standards_framework_items.jsonl
R100	data/graph_packages/nigeria-nerdc-mathematics-primary-1-3/nigeria-nerdc-mathematics-primary-1-3@undated+3f35e11c6624/detailed/as_unresolved_items.json	data/graph_packages/nigeria-nerdc-mathematics-primary-1-3/nigeria-nerdc-mathematics-primary-1-3@undated+bc5e769ed26f/detailed/as_unresolved_items.json
R100	data/graph_packages/nigeria-nerdc-mathematics-primary-1-3/nigeria-nerdc-mathematics-primary-1-3@undated+3f35e11c6624/detailed/lc_dedup_groups.json	data/graph_packages/nigeria-nerdc-mathematics-primary-1-3/nigeria-nerdc-mathematics-primary-1-3@undated+bc5e769ed26f/detailed/lc_dedup_groups.json
R100	data/graph_packages/nigeria-nerdc-mathematics-primary-1-3/nigeria-nerdc-mathematics-primary-1-3@undated+3f35e11c6624/detailed/lc_entity_provenance.json	data/graph_packages/nigeria-nerdc-mathematics-primary-1-3/nigeria-nerdc-mathematics-primary-1-3@undated+bc5e769ed26f/detailed/lc_entity_provenance.json
R100	data/graph_packages/nigeria-nerdc-mathematics-primary-1-3/nigeria-nerdc-mathematics-primary-1-3@undated+3f35e11c6624/detailed/lc_generation_summary.json	data/graph_packages/nigeria-nerdc-mathematics-primary-1-3/nigeria-nerdc-mathematics-primary-1-3@undated+bc5e769ed26f/detailed/lc_generation_summary.json
A	data/graph_packages/nigeria-nerdc-mathematics-primary-1-3/nigeria-nerdc-mathematics-primary-1-3@undated+bc5e769ed26f/detailed/lp_final_claims.json
A	data/graph_packages/nigeria-nerdc-mathematics-primary-1-3/nigeria-nerdc-mathematics-primary-1-3@undated+bc5e769ed26f/detailed/lp_generation_summary.json
A	data/graph_packages/nigeria-nerdc-mathematics-primary-1-3/nigeria-nerdc-mathematics-primary-1-3@undated+bc5e769ed26f/detailed/lp_normalization_receipt.json
A	data/graph_packages/nigeria-nerdc-mathematics-primary-1-3/nigeria-nerdc-mathematics-primary-1-3@undated+bc5e769ed26f/detailed/lp_relationship_provenance.json
A	data/graph_packages/nigeria-nerdc-mathematics-primary-1-3/nigeria-nerdc-mathematics-primary-1-3@undated+bc5e769ed26f/detailed/lp_relationship_provenance_index.json
A	data/graph_packages/nigeria-nerdc-mathematics-primary-1-3/nigeria-nerdc-mathematics-primary-1-3@undated+bc5e769ed26f/detailed/lp_relationships_builds_towards.jsonl
A	data/graph_packages/nigeria-nerdc-mathematics-primary-1-3/nigeria-nerdc-mathematics-primary-1-3@undated+bc5e769ed26f/detailed/lp_relationships_relates_to.jsonl
A	data/graph_packages/nigeria-nerdc-mathematics-primary-1-3/nigeria-nerdc-mathematics-primary-1-3@undated+bc5e769ed26f/detailed/lp_unresolved_items.json
A	data/graph_packages/nigeria-nerdc-mathematics-primary-1-3/nigeria-nerdc-mathematics-primary-1-3@undated+bc5e769ed26f/detailed/lp_validation_report.json
A	data/graph_packages/nigeria-nerdc-mathematics-primary-1-3/nigeria-nerdc-mathematics-primary-1-3@undated+bc5e769ed26f/package_manifest.json
A	data/graph_packages/rwanda-reb-mathematics-lower-primary-1-3/rwanda-reb-mathematics-lower-primary-1-3@2025+2ee0fa308d13/additional/lp_relationship_provenance_shard_00.json
A	data/graph_packages/rwanda-reb-mathematics-lower-primary-1-3/rwanda-reb-mathematics-lower-primary-1-3@2025+2ee0fa308d13/additional/lp_relationship_provenance_shard_01.json
A	data/graph_packages/rwanda-reb-mathematics-lower-primary-1-3/rwanda-reb-mathematics-lower-primary-1-3@2025+2ee0fa308d13/additional/lp_relationship_provenance_shard_02.json
A	data/graph_packages/rwanda-reb-mathematics-lower-primary-1-3/rwanda-reb-mathematics-lower-primary-1-3@2025+2ee0fa308d13/additional/lp_relationship_provenance_shard_03.json
A	data/graph_packages/rwanda-reb-mathematics-lower-primary-1-3/rwanda-reb-mathematics-lower-primary-1-3@2025+2ee0fa308d13/additional/lp_relationship_provenance_shard_04.json
A	data/graph_packages/rwanda-reb-mathematics-lower-primary-1-3/rwanda-reb-mathematics-lower-primary-1-3@2025+2ee0fa308d13/additional/lp_relationship_provenance_shard_05.json
A	data/graph_packages/rwanda-reb-mathematics-lower-primary-1-3/rwanda-reb-mathematics-lower-primary-1-3@2025+2ee0fa308d13/additional/lp_relationship_provenance_shard_06.json
A	data/graph_packages/rwanda-reb-mathematics-lower-primary-1-3/rwanda-reb-mathematics-lower-primary-1-3@2025+2ee0fa308d13/additional/lp_relationship_provenance_shard_07.json
A	data/graph_packages/rwanda-reb-mathematics-lower-primary-1-3/rwanda-reb-mathematics-lower-primary-1-3@2025+2ee0fa308d13/additional/lp_relationship_provenance_shard_08.json
A	data/graph_packages/rwanda-reb-mathematics-lower-primary-1-3/rwanda-reb-mathematics-lower-primary-1-3@2025+2ee0fa308d13/additional/lp_relationship_provenance_shard_09.json
A	data/graph_packages/rwanda-reb-mathematics-lower-primary-1-3/rwanda-reb-mathematics-lower-primary-1-3@2025+2ee0fa308d13/additional/lp_relationship_provenance_shard_10.json
A	data/graph_packages/rwanda-reb-mathematics-lower-primary-1-3/rwanda-reb-mathematics-lower-primary-1-3@2025+2ee0fa308d13/additional/lp_relationship_provenance_shard_11.json
A	data/graph_packages/rwanda-reb-mathematics-lower-primary-1-3/rwanda-reb-mathematics-lower-primary-1-3@2025+2ee0fa308d13/additional/lp_relationship_provenance_shard_12.json
A	data/graph_packages/rwanda-reb-mathematics-lower-primary-1-3/rwanda-reb-mathematics-lower-primary-1-3@2025+2ee0fa308d13/additional/lp_relationship_provenance_shard_13.json
A	data/graph_packages/rwanda-reb-mathematics-lower-primary-1-3/rwanda-reb-mathematics-lower-primary-1-3@2025+2ee0fa308d13/additional/lp_relationship_provenance_shard_14.json
A	data/graph_packages/rwanda-reb-mathematics-lower-primary-1-3/rwanda-reb-mathematics-lower-primary-1-3@2025+2ee0fa308d13/additional/lp_relationship_provenance_shard_15.json
A	data/graph_packages/rwanda-reb-mathematics-lower-primary-1-3/rwanda-reb-mathematics-lower-primary-1-3@2025+2ee0fa308d13/additional/lp_relationship_provenance_shard_16.json
A	data/graph_packages/rwanda-reb-mathematics-lower-primary-1-3/rwanda-reb-mathematics-lower-primary-1-3@2025+2ee0fa308d13/additional/lp_relationship_provenance_shard_17.json
A	data/graph_packages/rwanda-reb-mathematics-lower-primary-1-3/rwanda-reb-mathematics-lower-primary-1-3@2025+2ee0fa308d13/additional/lp_relationship_provenance_shard_18.json
A	data/graph_packages/rwanda-reb-mathematics-lower-primary-1-3/rwanda-reb-mathematics-lower-primary-1-3@2025+2ee0fa308d13/additional/lp_relationship_provenance_shard_19.json
A	data/graph_packages/rwanda-reb-mathematics-lower-primary-1-3/rwanda-reb-mathematics-lower-primary-1-3@2025+2ee0fa308d13/additional/lp_relationship_provenance_shard_20.json
A	data/graph_packages/rwanda-reb-mathematics-lower-primary-1-3/rwanda-reb-mathematics-lower-primary-1-3@2025+2ee0fa308d13/additional/lp_relationship_provenance_shard_21.json
A	data/graph_packages/rwanda-reb-mathematics-lower-primary-1-3/rwanda-reb-mathematics-lower-primary-1-3@2025+2ee0fa308d13/additional/lp_relationship_provenance_shard_22.json
A	data/graph_packages/rwanda-reb-mathematics-lower-primary-1-3/rwanda-reb-mathematics-lower-primary-1-3@2025+2ee0fa308d13/additional/lp_relationship_provenance_shard_23.json
A	data/graph_packages/rwanda-reb-mathematics-lower-primary-1-3/rwanda-reb-mathematics-lower-primary-1-3@2025+2ee0fa308d13/additional/lp_relationship_provenance_shard_24.json
A	data/graph_packages/rwanda-reb-mathematics-lower-primary-1-3/rwanda-reb-mathematics-lower-primary-1-3@2025+2ee0fa308d13/additional/lp_relationship_provenance_shard_25.json
A	data/graph_packages/rwanda-reb-mathematics-lower-primary-1-3/rwanda-reb-mathematics-lower-primary-1-3@2025+2ee0fa308d13/additional/lp_relationship_provenance_shard_26.json
A	data/graph_packages/rwanda-reb-mathematics-lower-primary-1-3/rwanda-reb-mathematics-lower-primary-1-3@2025+2ee0fa308d13/additional/lp_relationship_provenance_shard_27.json
A	data/graph_packages/rwanda-reb-mathematics-lower-primary-1-3/rwanda-reb-mathematics-lower-primary-1-3@2025+2ee0fa308d13/additional/lp_relationship_provenance_shard_28.json
A	data/graph_packages/rwanda-reb-mathematics-lower-primary-1-3/rwanda-reb-mathematics-lower-primary-1-3@2025+2ee0fa308d13/additional/lp_relationship_provenance_shard_29.json
A	data/graph_packages/rwanda-reb-mathematics-lower-primary-1-3/rwanda-reb-mathematics-lower-primary-1-3@2025+2ee0fa308d13/additional/lp_relationship_provenance_shard_30.json
A	data/graph_packages/rwanda-reb-mathematics-lower-primary-1-3/rwanda-reb-mathematics-lower-primary-1-3@2025+2ee0fa308d13/additional/lp_relationship_provenance_shard_31.json
A	data/graph_packages/rwanda-reb-mathematics-lower-primary-1-3/rwanda-reb-mathematics-lower-primary-1-3@2025+2ee0fa308d13/additional/lp_relationship_provenance_shard_32.json
A	data/graph_packages/rwanda-reb-mathematics-lower-primary-1-3/rwanda-reb-mathematics-lower-primary-1-3@2025+2ee0fa308d13/additional/lp_relationship_provenance_shard_33.json
A	data/graph_packages/rwanda-reb-mathematics-lower-primary-1-3/rwanda-reb-mathematics-lower-primary-1-3@2025+2ee0fa308d13/additional/lp_relationship_provenance_shard_34.json
A	data/graph_packages/rwanda-reb-mathematics-lower-primary-1-3/rwanda-reb-mathematics-lower-primary-1-3@2025+2ee0fa308d13/additional/lp_relationship_provenance_shard_35.json
A	data/graph_packages/rwanda-reb-mathematics-lower-primary-1-3/rwanda-reb-mathematics-lower-primary-1-3@2025+2ee0fa308d13/additional/lp_relationship_provenance_shard_36.json
A	data/graph_packages/rwanda-reb-mathematics-lower-primary-1-3/rwanda-reb-mathematics-lower-primary-1-3@2025+2ee0fa308d13/additional/lp_relationship_provenance_shard_37.json
A	data/graph_packages/rwanda-reb-mathematics-lower-primary-1-3/rwanda-reb-mathematics-lower-primary-1-3@2025+2ee0fa308d13/additional/lp_relationship_provenance_shard_38.json
A	data/graph_packages/rwanda-reb-mathematics-lower-primary-1-3/rwanda-reb-mathematics-lower-primary-1-3@2025+2ee0fa308d13/additional/lp_relationship_provenance_shard_39.json
A	data/graph_packages/rwanda-reb-mathematics-lower-primary-1-3/rwanda-reb-mathematics-lower-primary-1-3@2025+2ee0fa308d13/additional/lp_relationship_provenance_shard_40.json
A	data/graph_packages/rwanda-reb-mathematics-lower-primary-1-3/rwanda-reb-mathematics-lower-primary-1-3@2025+2ee0fa308d13/additional/lp_relationship_provenance_shard_41.json
A	data/graph_packages/rwanda-reb-mathematics-lower-primary-1-3/rwanda-reb-mathematics-lower-primary-1-3@2025+2ee0fa308d13/additional/lp_relationship_provenance_shard_42.json
A	data/graph_packages/rwanda-reb-mathematics-lower-primary-1-3/rwanda-reb-mathematics-lower-primary-1-3@2025+2ee0fa308d13/additional/lp_relationship_provenance_shard_43.json
A	data/graph_packages/rwanda-reb-mathematics-lower-primary-1-3/rwanda-reb-mathematics-lower-primary-1-3@2025+2ee0fa308d13/additional/lp_relationship_provenance_shard_44.json
A	data/graph_packages/rwanda-reb-mathematics-lower-primary-1-3/rwanda-reb-mathematics-lower-primary-1-3@2025+2ee0fa308d13/additional/lp_relationship_provenance_shard_45.json
A	data/graph_packages/rwanda-reb-mathematics-lower-primary-1-3/rwanda-reb-mathematics-lower-primary-1-3@2025+2ee0fa308d13/additional/lp_relationship_provenance_shard_46.json
A	data/graph_packages/rwanda-reb-mathematics-lower-primary-1-3/rwanda-reb-mathematics-lower-primary-1-3@2025+2ee0fa308d13/additional/lp_relationship_provenance_shard_47.json
A	data/graph_packages/rwanda-reb-mathematics-lower-primary-1-3/rwanda-reb-mathematics-lower-primary-1-3@2025+2ee0fa308d13/additional/lp_relationship_provenance_shard_48.json
A	data/graph_packages/rwanda-reb-mathematics-lower-primary-1-3/rwanda-reb-mathematics-lower-primary-1-3@2025+2ee0fa308d13/additional/lp_relationship_provenance_shard_49.json
A	data/graph_packages/rwanda-reb-mathematics-lower-primary-1-3/rwanda-reb-mathematics-lower-primary-1-3@2025+2ee0fa308d13/additional/lp_relationship_provenance_shard_50.json
A	data/graph_packages/rwanda-reb-mathematics-lower-primary-1-3/rwanda-reb-mathematics-lower-primary-1-3@2025+2ee0fa308d13/additional/lp_relationship_provenance_shard_51.json
A	data/graph_packages/rwanda-reb-mathematics-lower-primary-1-3/rwanda-reb-mathematics-lower-primary-1-3@2025+2ee0fa308d13/additional/lp_relationship_provenance_shard_52.json
A	data/graph_packages/rwanda-reb-mathematics-lower-primary-1-3/rwanda-reb-mathematics-lower-primary-1-3@2025+2ee0fa308d13/additional/lp_relationship_provenance_shard_53.json
A	data/graph_packages/rwanda-reb-mathematics-lower-primary-1-3/rwanda-reb-mathematics-lower-primary-1-3@2025+2ee0fa308d13/additional/lp_relationship_provenance_shard_54.json
A	data/graph_packages/rwanda-reb-mathematics-lower-primary-1-3/rwanda-reb-mathematics-lower-primary-1-3@2025+2ee0fa308d13/additional/lp_relationship_provenance_shard_55.json
A	data/graph_packages/rwanda-reb-mathematics-lower-primary-1-3/rwanda-reb-mathematics-lower-primary-1-3@2025+2ee0fa308d13/additional/lp_relationship_provenance_shard_56.json
A	data/graph_packages/rwanda-reb-mathematics-lower-primary-1-3/rwanda-reb-mathematics-lower-primary-1-3@2025+2ee0fa308d13/additional/lp_relationship_provenance_shard_57.json
A	data/graph_packages/rwanda-reb-mathematics-lower-primary-1-3/rwanda-reb-mathematics-lower-primary-1-3@2025+2ee0fa308d13/additional/lp_relationship_provenance_shard_58.json
A	data/graph_packages/rwanda-reb-mathematics-lower-primary-1-3/rwanda-reb-mathematics-lower-primary-1-3@2025+2ee0fa308d13/additional/lp_relationship_provenance_shard_59.json
A	data/graph_packages/rwanda-reb-mathematics-lower-primary-1-3/rwanda-reb-mathematics-lower-primary-1-3@2025+2ee0fa308d13/additional/lp_relationship_provenance_shard_60.json
A	data/graph_packages/rwanda-reb-mathematics-lower-primary-1-3/rwanda-reb-mathematics-lower-primary-1-3@2025+2ee0fa308d13/additional/lp_relationship_provenance_shard_61.json
A	data/graph_packages/rwanda-reb-mathematics-lower-primary-1-3/rwanda-reb-mathematics-lower-primary-1-3@2025+2ee0fa308d13/additional/lp_relationship_provenance_shard_62.json
A	data/graph_packages/rwanda-reb-mathematics-lower-primary-1-3/rwanda-reb-mathematics-lower-primary-1-3@2025+2ee0fa308d13/additional/lp_relationship_provenance_shard_63.json
R100	data/graph_packages/rwanda-reb-mathematics-lower-primary-1-3/rwanda-reb-mathematics-lower-primary-1-3@2025+98426787aa9f/delivery/as_lc_nodes_rwanda_math.jsonl	data/graph_packages/rwanda-reb-mathematics-lower-primary-1-3/rwanda-reb-mathematics-lower-primary-1-3@2025+2ee0fa308d13/delivery/as_lc_lp_nodes_rwanda-reb-mathematics-lower-primary-1-3.jsonl
A	data/graph_packages/rwanda-reb-mathematics-lower-primary-1-3/rwanda-reb-mathematics-lower-primary-1-3@2025+2ee0fa308d13/delivery/as_lc_lp_relationships_rwanda-reb-mathematics-lower-primary-1-3.jsonl
R099	data/graph_packages/rwanda-reb-mathematics-lower-primary-1-3/rwanda-reb-mathematics-lower-primary-1-3@2025+98426787aa9f/detailed/as_entity_provenance.json	data/graph_packages/rwanda-reb-mathematics-lower-primary-1-3/rwanda-reb-mathematics-lower-primary-1-3@2025+2ee0fa308d13/detailed/as_entity_provenance.json
R099	data/graph_packages/rwanda-reb-mathematics-lower-primary-1-3/rwanda-reb-mathematics-lower-primary-1-3@2025+98426787aa9f/detailed/as_kg_bundle.json	data/graph_packages/rwanda-reb-mathematics-lower-primary-1-3/rwanda-reb-mathematics-lower-primary-1-3@2025+2ee0fa308d13/detailed/as_kg_bundle.json
R099	data/graph_packages/rwanda-reb-mathematics-lower-primary-1-3/rwanda-reb-mathematics-lower-primary-1-3@2025+98426787aa9f/detailed/as_lc_kg_bundle.json	data/graph_packages/rwanda-reb-mathematics-lower-primary-1-3/rwanda-reb-mathematics-lower-primary-1-3@2025+2ee0fa308d13/detailed/as_lc_kg_bundle.json
R086	data/graph_packages/rwanda-reb-mathematics-lower-primary-1-3/rwanda-reb-mathematics-lower-primary-1-3@2025+98426787aa9f/detailed/as_lc_validation_report.json	data/graph_packages/rwanda-reb-mathematics-lower-primary-1-3/rwanda-reb-mathematics-lower-primary-1-3@2025+2ee0fa308d13/detailed/as_lc_validation_report.json
R100	data/graph_packages/rwanda-reb-mathematics-lower-primary-1-3/rwanda-reb-mathematics-lower-primary-1-3@2025+98426787aa9f/detailed/as_relationships_has_child.jsonl	data/graph_packages/rwanda-reb-mathematics-lower-primary-1-3/rwanda-reb-mathematics-lower-primary-1-3@2025+2ee0fa308d13/detailed/as_relationships_has_child.jsonl
R100	data/graph_packages/rwanda-reb-mathematics-lower-primary-1-3/rwanda-reb-mathematics-lower-primary-1-3@2025+98426787aa9f/detailed/as_standards_framework.json	data/graph_packages/rwanda-reb-mathematics-lower-primary-1-3/rwanda-reb-mathematics-lower-primary-1-3@2025+2ee0fa308d13/detailed/as_standards_framework.json
R100	data/graph_packages/rwanda-reb-mathematics-lower-primary-1-3/rwanda-reb-mathematics-lower-primary-1-3@2025+98426787aa9f/detailed/as_standards_framework_items.jsonl	data/graph_packages/rwanda-reb-mathematics-lower-primary-1-3/rwanda-reb-mathematics-lower-primary-1-3@2025+2ee0fa308d13/detailed/as_standards_framework_items.jsonl
R100	data/graph_packages/rwanda-reb-mathematics-lower-primary-1-3/rwanda-reb-mathematics-lower-primary-1-3@2025+98426787aa9f/detailed/as_unresolved_items.json	data/graph_packages/rwanda-reb-mathematics-lower-primary-1-3/rwanda-reb-mathematics-lower-primary-1-3@2025+2ee0fa308d13/detailed/as_unresolved_items.json
R100	data/graph_packages/rwanda-reb-mathematics-lower-primary-1-3/rwanda-reb-mathematics-lower-primary-1-3@2025+98426787aa9f/detailed/lc_dedup_groups.json	data/graph_packages/rwanda-reb-mathematics-lower-primary-1-3/rwanda-reb-mathematics-lower-primary-1-3@2025+2ee0fa308d13/detailed/lc_dedup_groups.json
R100	data/graph_packages/rwanda-reb-mathematics-lower-primary-1-3/rwanda-reb-mathematics-lower-primary-1-3@2025+98426787aa9f/detailed/lc_entity_provenance.json	data/graph_packages/rwanda-reb-mathematics-lower-primary-1-3/rwanda-reb-mathematics-lower-primary-1-3@2025+2ee0fa308d13/detailed/lc_entity_provenance.json
R100	data/graph_packages/rwanda-reb-mathematics-lower-primary-1-3/rwanda-reb-mathematics-lower-primary-1-3@2025+98426787aa9f/detailed/lc_generation_summary.json	data/graph_packages/rwanda-reb-mathematics-lower-primary-1-3/rwanda-reb-mathematics-lower-primary-1-3@2025+2ee0fa308d13/detailed/lc_generation_summary.json
A	data/graph_packages/rwanda-reb-mathematics-lower-primary-1-3/rwanda-reb-mathematics-lower-primary-1-3@2025+2ee0fa308d13/detailed/lp_final_claims.json
A	data/graph_packages/rwanda-reb-mathematics-lower-primary-1-3/rwanda-reb-mathematics-lower-primary-1-3@2025+2ee0fa308d13/detailed/lp_generation_summary.json
A	data/graph_packages/rwanda-reb-mathematics-lower-primary-1-3/rwanda-reb-mathematics-lower-primary-1-3@2025+2ee0fa308d13/detailed/lp_normalization_receipt.json
A	data/graph_packages/rwanda-reb-mathematics-lower-primary-1-3/rwanda-reb-mathematics-lower-primary-1-3@2025+2ee0fa308d13/detailed/lp_relationship_provenance.json
A	data/graph_packages/rwanda-reb-mathematics-lower-primary-1-3/rwanda-reb-mathematics-lower-primary-1-3@2025+2ee0fa308d13/detailed/lp_relationship_provenance_index.json
A	data/graph_packages/rwanda-reb-mathematics-lower-primary-1-3/rwanda-reb-mathematics-lower-primary-1-3@2025+2ee0fa308d13/detailed/lp_relationships_builds_towards.jsonl
A	data/graph_packages/rwanda-reb-mathematics-lower-primary-1-3/rwanda-reb-mathematics-lower-primary-1-3@2025+2ee0fa308d13/detailed/lp_relationships_relates_to.jsonl
A	data/graph_packages/rwanda-reb-mathematics-lower-primary-1-3/rwanda-reb-mathematics-lower-primary-1-3@2025+2ee0fa308d13/detailed/lp_unresolved_items.json
A	data/graph_packages/rwanda-reb-mathematics-lower-primary-1-3/rwanda-reb-mathematics-lower-primary-1-3@2025+2ee0fa308d13/detailed/lp_validation_report.json
A	data/graph_packages/rwanda-reb-mathematics-lower-primary-1-3/rwanda-reb-mathematics-lower-primary-1-3@2025+2ee0fa308d13/package_manifest.json
D	data/graph_packages/rwanda-reb-mathematics-lower-primary-1-3/rwanda-reb-mathematics-lower-primary-1-3@2025+98426787aa9f/delivery/as_lc_relationships_rwanda_math.jsonl
D	data/graph_packages/rwanda-reb-mathematics-lower-primary-1-3/rwanda-reb-mathematics-lower-primary-1-3@2025+98426787aa9f/package_manifest.json
A	data/input_artifacts/ghana_english/additional/lp_relationship_provenance_shard_00.json
A	data/input_artifacts/ghana_english/additional/lp_relationship_provenance_shard_01.json
A	data/input_artifacts/ghana_english/additional/lp_relationship_provenance_shard_02.json
A	data/input_artifacts/ghana_english/additional/lp_relationship_provenance_shard_03.json
A	data/input_artifacts/ghana_english/additional/lp_relationship_provenance_shard_04.json
A	data/input_artifacts/ghana_english/additional/lp_relationship_provenance_shard_05.json
A	data/input_artifacts/ghana_english/additional/lp_relationship_provenance_shard_06.json
A	data/input_artifacts/ghana_english/additional/lp_relationship_provenance_shard_07.json
A	data/input_artifacts/ghana_english/additional/lp_relationship_provenance_shard_08.json
A	data/input_artifacts/ghana_english/additional/lp_relationship_provenance_shard_09.json
A	data/input_artifacts/ghana_english/additional/lp_relationship_provenance_shard_10.json
A	data/input_artifacts/ghana_english/additional/lp_relationship_provenance_shard_11.json
A	data/input_artifacts/ghana_english/additional/lp_relationship_provenance_shard_12.json
A	data/input_artifacts/ghana_english/additional/lp_relationship_provenance_shard_13.json
A	data/input_artifacts/ghana_english/additional/lp_relationship_provenance_shard_14.json
A	data/input_artifacts/ghana_english/additional/lp_relationship_provenance_shard_15.json
A	data/input_artifacts/ghana_english/additional/lp_relationship_provenance_shard_16.json
A	data/input_artifacts/ghana_english/additional/lp_relationship_provenance_shard_17.json
A	data/input_artifacts/ghana_english/additional/lp_relationship_provenance_shard_18.json
A	data/input_artifacts/ghana_english/additional/lp_relationship_provenance_shard_19.json
A	data/input_artifacts/ghana_english/additional/lp_relationship_provenance_shard_20.json
A	data/input_artifacts/ghana_english/additional/lp_relationship_provenance_shard_21.json
A	data/input_artifacts/ghana_english/additional/lp_relationship_provenance_shard_22.json
A	data/input_artifacts/ghana_english/additional/lp_relationship_provenance_shard_23.json
A	data/input_artifacts/ghana_english/additional/lp_relationship_provenance_shard_24.json
A	data/input_artifacts/ghana_english/additional/lp_relationship_provenance_shard_25.json
A	data/input_artifacts/ghana_english/additional/lp_relationship_provenance_shard_26.json
A	data/input_artifacts/ghana_english/additional/lp_relationship_provenance_shard_27.json
A	data/input_artifacts/ghana_english/additional/lp_relationship_provenance_shard_28.json
A	data/input_artifacts/ghana_english/additional/lp_relationship_provenance_shard_29.json
A	data/input_artifacts/ghana_english/additional/lp_relationship_provenance_shard_30.json
A	data/input_artifacts/ghana_english/additional/lp_relationship_provenance_shard_31.json
A	data/input_artifacts/ghana_english/additional/lp_relationship_provenance_shard_32.json
A	data/input_artifacts/ghana_english/additional/lp_relationship_provenance_shard_33.json
A	data/input_artifacts/ghana_english/additional/lp_relationship_provenance_shard_34.json
A	data/input_artifacts/ghana_english/additional/lp_relationship_provenance_shard_35.json
A	data/input_artifacts/ghana_english/additional/lp_relationship_provenance_shard_36.json
A	data/input_artifacts/ghana_english/additional/lp_relationship_provenance_shard_37.json
A	data/input_artifacts/ghana_english/additional/lp_relationship_provenance_shard_38.json
A	data/input_artifacts/ghana_english/additional/lp_relationship_provenance_shard_39.json
A	data/input_artifacts/ghana_english/additional/lp_relationship_provenance_shard_40.json
A	data/input_artifacts/ghana_english/additional/lp_relationship_provenance_shard_41.json
A	data/input_artifacts/ghana_english/additional/lp_relationship_provenance_shard_42.json
A	data/input_artifacts/ghana_english/additional/lp_relationship_provenance_shard_43.json
A	data/input_artifacts/ghana_english/additional/lp_relationship_provenance_shard_44.json
A	data/input_artifacts/ghana_english/additional/lp_relationship_provenance_shard_45.json
A	data/input_artifacts/ghana_english/additional/lp_relationship_provenance_shard_46.json
A	data/input_artifacts/ghana_english/additional/lp_relationship_provenance_shard_47.json
A	data/input_artifacts/ghana_english/additional/lp_relationship_provenance_shard_48.json
A	data/input_artifacts/ghana_english/additional/lp_relationship_provenance_shard_49.json
A	data/input_artifacts/ghana_english/additional/lp_relationship_provenance_shard_50.json
A	data/input_artifacts/ghana_english/additional/lp_relationship_provenance_shard_51.json
A	data/input_artifacts/ghana_english/additional/lp_relationship_provenance_shard_52.json
A	data/input_artifacts/ghana_english/additional/lp_relationship_provenance_shard_53.json
A	data/input_artifacts/ghana_english/additional/lp_relationship_provenance_shard_54.json
A	data/input_artifacts/ghana_english/additional/lp_relationship_provenance_shard_55.json
A	data/input_artifacts/ghana_english/additional/lp_relationship_provenance_shard_56.json
A	data/input_artifacts/ghana_english/additional/lp_relationship_provenance_shard_57.json
A	data/input_artifacts/ghana_english/additional/lp_relationship_provenance_shard_58.json
A	data/input_artifacts/ghana_english/additional/lp_relationship_provenance_shard_59.json
A	data/input_artifacts/ghana_english/additional/lp_relationship_provenance_shard_60.json
A	data/input_artifacts/ghana_english/additional/lp_relationship_provenance_shard_61.json
A	data/input_artifacts/ghana_english/additional/lp_relationship_provenance_shard_62.json
A	data/input_artifacts/ghana_english/additional/lp_relationship_provenance_shard_63.json
R100	data/input_artifacts/ghana_english/delivery/as_lc_nodes_ghana_english.jsonl	data/input_artifacts/ghana_english/delivery/as_lc_lp_nodes_ghana-nacca-primary-english-language-basic-1-3.jsonl
A	data/input_artifacts/ghana_english/delivery/as_lc_lp_relationships_ghana-nacca-primary-english-language-basic-1-3.jsonl
D	data/input_artifacts/ghana_english/delivery/as_lc_relationships_ghana_english.jsonl
M	data/input_artifacts/ghana_english/detailed/as_entity_provenance.json
M	data/input_artifacts/ghana_english/detailed/as_kg_bundle.json
M	data/input_artifacts/ghana_english/detailed/as_lc_kg_bundle.json
M	data/input_artifacts/ghana_english/detailed/as_lc_validation_report.json
A	data/input_artifacts/ghana_english/detailed/lp_final_claims.json
A	data/input_artifacts/ghana_english/detailed/lp_generation_summary.json
A	data/input_artifacts/ghana_english/detailed/lp_normalization_receipt.json
A	data/input_artifacts/ghana_english/detailed/lp_relationship_provenance.json
A	data/input_artifacts/ghana_english/detailed/lp_relationship_provenance_index.json
A	data/input_artifacts/ghana_english/detailed/lp_relationships_builds_towards.jsonl
A	data/input_artifacts/ghana_english/detailed/lp_relationships_relates_to.jsonl
A	data/input_artifacts/ghana_english/detailed/lp_unresolved_items.json
A	data/input_artifacts/ghana_english/detailed/lp_validation_report.json
M	data/input_artifacts/ghana_english/package_build.json
A	data/input_artifacts/ghana_math/additional/lp_relationship_provenance_shard_00.json
A	data/input_artifacts/ghana_math/additional/lp_relationship_provenance_shard_01.json
A	data/input_artifacts/ghana_math/additional/lp_relationship_provenance_shard_02.json
A	data/input_artifacts/ghana_math/additional/lp_relationship_provenance_shard_03.json
A	data/input_artifacts/ghana_math/additional/lp_relationship_provenance_shard_04.json
A	data/input_artifacts/ghana_math/additional/lp_relationship_provenance_shard_05.json
A	data/input_artifacts/ghana_math/additional/lp_relationship_provenance_shard_06.json
A	data/input_artifacts/ghana_math/additional/lp_relationship_provenance_shard_07.json
A	data/input_artifacts/ghana_math/additional/lp_relationship_provenance_shard_08.json
A	data/input_artifacts/ghana_math/additional/lp_relationship_provenance_shard_09.json
A	data/input_artifacts/ghana_math/additional/lp_relationship_provenance_shard_10.json
A	data/input_artifacts/ghana_math/additional/lp_relationship_provenance_shard_11.json
A	data/input_artifacts/ghana_math/additional/lp_relationship_provenance_shard_12.json
A	data/input_artifacts/ghana_math/additional/lp_relationship_provenance_shard_13.json
A	data/input_artifacts/ghana_math/additional/lp_relationship_provenance_shard_14.json
A	data/input_artifacts/ghana_math/additional/lp_relationship_provenance_shard_15.json
A	data/input_artifacts/ghana_math/additional/lp_relationship_provenance_shard_16.json
A	data/input_artifacts/ghana_math/additional/lp_relationship_provenance_shard_17.json
A	data/input_artifacts/ghana_math/additional/lp_relationship_provenance_shard_18.json
A	data/input_artifacts/ghana_math/additional/lp_relationship_provenance_shard_19.json
A	data/input_artifacts/ghana_math/additional/lp_relationship_provenance_shard_20.json
A	data/input_artifacts/ghana_math/additional/lp_relationship_provenance_shard_21.json
A	data/input_artifacts/ghana_math/additional/lp_relationship_provenance_shard_22.json
A	data/input_artifacts/ghana_math/additional/lp_relationship_provenance_shard_23.json
A	data/input_artifacts/ghana_math/additional/lp_relationship_provenance_shard_24.json
A	data/input_artifacts/ghana_math/additional/lp_relationship_provenance_shard_25.json
A	data/input_artifacts/ghana_math/additional/lp_relationship_provenance_shard_26.json
A	data/input_artifacts/ghana_math/additional/lp_relationship_provenance_shard_27.json
A	data/input_artifacts/ghana_math/additional/lp_relationship_provenance_shard_28.json
A	data/input_artifacts/ghana_math/additional/lp_relationship_provenance_shard_29.json
A	data/input_artifacts/ghana_math/additional/lp_relationship_provenance_shard_30.json
A	data/input_artifacts/ghana_math/additional/lp_relationship_provenance_shard_31.json
A	data/input_artifacts/ghana_math/additional/lp_relationship_provenance_shard_32.json
A	data/input_artifacts/ghana_math/additional/lp_relationship_provenance_shard_33.json
A	data/input_artifacts/ghana_math/additional/lp_relationship_provenance_shard_34.json
A	data/input_artifacts/ghana_math/additional/lp_relationship_provenance_shard_35.json
A	data/input_artifacts/ghana_math/additional/lp_relationship_provenance_shard_36.json
A	data/input_artifacts/ghana_math/additional/lp_relationship_provenance_shard_37.json
A	data/input_artifacts/ghana_math/additional/lp_relationship_provenance_shard_38.json
A	data/input_artifacts/ghana_math/additional/lp_relationship_provenance_shard_39.json
A	data/input_artifacts/ghana_math/additional/lp_relationship_provenance_shard_40.json
A	data/input_artifacts/ghana_math/additional/lp_relationship_provenance_shard_41.json
A	data/input_artifacts/ghana_math/additional/lp_relationship_provenance_shard_42.json
A	data/input_artifacts/ghana_math/additional/lp_relationship_provenance_shard_43.json
A	data/input_artifacts/ghana_math/additional/lp_relationship_provenance_shard_44.json
A	data/input_artifacts/ghana_math/additional/lp_relationship_provenance_shard_45.json
A	data/input_artifacts/ghana_math/additional/lp_relationship_provenance_shard_46.json
A	data/input_artifacts/ghana_math/additional/lp_relationship_provenance_shard_47.json
A	data/input_artifacts/ghana_math/additional/lp_relationship_provenance_shard_48.json
A	data/input_artifacts/ghana_math/additional/lp_relationship_provenance_shard_49.json
A	data/input_artifacts/ghana_math/additional/lp_relationship_provenance_shard_50.json
A	data/input_artifacts/ghana_math/additional/lp_relationship_provenance_shard_51.json
A	data/input_artifacts/ghana_math/additional/lp_relationship_provenance_shard_52.json
A	data/input_artifacts/ghana_math/additional/lp_relationship_provenance_shard_53.json
A	data/input_artifacts/ghana_math/additional/lp_relationship_provenance_shard_54.json
A	data/input_artifacts/ghana_math/additional/lp_relationship_provenance_shard_55.json
A	data/input_artifacts/ghana_math/additional/lp_relationship_provenance_shard_56.json
A	data/input_artifacts/ghana_math/additional/lp_relationship_provenance_shard_57.json
A	data/input_artifacts/ghana_math/additional/lp_relationship_provenance_shard_58.json
A	data/input_artifacts/ghana_math/additional/lp_relationship_provenance_shard_59.json
A	data/input_artifacts/ghana_math/additional/lp_relationship_provenance_shard_60.json
A	data/input_artifacts/ghana_math/additional/lp_relationship_provenance_shard_61.json
A	data/input_artifacts/ghana_math/additional/lp_relationship_provenance_shard_62.json
A	data/input_artifacts/ghana_math/additional/lp_relationship_provenance_shard_63.json
R100	data/input_artifacts/ghana_math/delivery/as_lc_nodes_ghana_math.jsonl	data/input_artifacts/ghana_math/delivery/as_lc_lp_nodes_ghana-nacca-primary-mathematics-basic-4-6.jsonl
A	data/input_artifacts/ghana_math/delivery/as_lc_lp_relationships_ghana-nacca-primary-mathematics-basic-4-6.jsonl
D	data/input_artifacts/ghana_math/delivery/as_lc_relationships_ghana_math.jsonl
M	data/input_artifacts/ghana_math/detailed/as_entity_provenance.json
M	data/input_artifacts/ghana_math/detailed/as_kg_bundle.json
M	data/input_artifacts/ghana_math/detailed/as_lc_kg_bundle.json
M	data/input_artifacts/ghana_math/detailed/as_lc_validation_report.json
A	data/input_artifacts/ghana_math/detailed/lp_final_claims.json
A	data/input_artifacts/ghana_math/detailed/lp_generation_summary.json
A	data/input_artifacts/ghana_math/detailed/lp_normalization_receipt.json
A	data/input_artifacts/ghana_math/detailed/lp_relationship_provenance.json
A	data/input_artifacts/ghana_math/detailed/lp_relationship_provenance_index.json
A	data/input_artifacts/ghana_math/detailed/lp_relationships_builds_towards.jsonl
A	data/input_artifacts/ghana_math/detailed/lp_relationships_relates_to.jsonl
A	data/input_artifacts/ghana_math/detailed/lp_unresolved_items.json
A	data/input_artifacts/ghana_math/detailed/lp_validation_report.json
M	data/input_artifacts/ghana_math/package_build.json
A	data/input_artifacts/madhi_math/additional/lp_relationship_provenance_shard_00.json
A	data/input_artifacts/madhi_math/additional/lp_relationship_provenance_shard_01.json
A	data/input_artifacts/madhi_math/additional/lp_relationship_provenance_shard_02.json
A	data/input_artifacts/madhi_math/additional/lp_relationship_provenance_shard_03.json
A	data/input_artifacts/madhi_math/additional/lp_relationship_provenance_shard_04.json
A	data/input_artifacts/madhi_math/additional/lp_relationship_provenance_shard_05.json
A	data/input_artifacts/madhi_math/additional/lp_relationship_provenance_shard_06.json
A	data/input_artifacts/madhi_math/additional/lp_relationship_provenance_shard_07.json
A	data/input_artifacts/madhi_math/additional/lp_relationship_provenance_shard_08.json
A	data/input_artifacts/madhi_math/additional/lp_relationship_provenance_shard_09.json
A	data/input_artifacts/madhi_math/additional/lp_relationship_provenance_shard_10.json
A	data/input_artifacts/madhi_math/additional/lp_relationship_provenance_shard_11.json
A	data/input_artifacts/madhi_math/additional/lp_relationship_provenance_shard_12.json
A	data/input_artifacts/madhi_math/additional/lp_relationship_provenance_shard_13.json
A	data/input_artifacts/madhi_math/additional/lp_relationship_provenance_shard_14.json
A	data/input_artifacts/madhi_math/additional/lp_relationship_provenance_shard_15.json
A	data/input_artifacts/madhi_math/additional/lp_relationship_provenance_shard_16.json
A	data/input_artifacts/madhi_math/additional/lp_relationship_provenance_shard_17.json
A	data/input_artifacts/madhi_math/additional/lp_relationship_provenance_shard_18.json
A	data/input_artifacts/madhi_math/additional/lp_relationship_provenance_shard_19.json
A	data/input_artifacts/madhi_math/additional/lp_relationship_provenance_shard_20.json
A	data/input_artifacts/madhi_math/additional/lp_relationship_provenance_shard_21.json
A	data/input_artifacts/madhi_math/additional/lp_relationship_provenance_shard_22.json
A	data/input_artifacts/madhi_math/additional/lp_relationship_provenance_shard_23.json
A	data/input_artifacts/madhi_math/additional/lp_relationship_provenance_shard_24.json
A	data/input_artifacts/madhi_math/additional/lp_relationship_provenance_shard_25.json
A	data/input_artifacts/madhi_math/additional/lp_relationship_provenance_shard_26.json
A	data/input_artifacts/madhi_math/additional/lp_relationship_provenance_shard_27.json
A	data/input_artifacts/madhi_math/additional/lp_relationship_provenance_shard_28.json
A	data/input_artifacts/madhi_math/additional/lp_relationship_provenance_shard_29.json
A	data/input_artifacts/madhi_math/additional/lp_relationship_provenance_shard_30.json
A	data/input_artifacts/madhi_math/additional/lp_relationship_provenance_shard_31.json
A	data/input_artifacts/madhi_math/additional/lp_relationship_provenance_shard_32.json
A	data/input_artifacts/madhi_math/additional/lp_relationship_provenance_shard_33.json
A	data/input_artifacts/madhi_math/additional/lp_relationship_provenance_shard_34.json
A	data/input_artifacts/madhi_math/additional/lp_relationship_provenance_shard_35.json
A	data/input_artifacts/madhi_math/additional/lp_relationship_provenance_shard_36.json
A	data/input_artifacts/madhi_math/additional/lp_relationship_provenance_shard_37.json
A	data/input_artifacts/madhi_math/additional/lp_relationship_provenance_shard_38.json
A	data/input_artifacts/madhi_math/additional/lp_relationship_provenance_shard_39.json
A	data/input_artifacts/madhi_math/additional/lp_relationship_provenance_shard_40.json
A	data/input_artifacts/madhi_math/additional/lp_relationship_provenance_shard_41.json
A	data/input_artifacts/madhi_math/additional/lp_relationship_provenance_shard_42.json
A	data/input_artifacts/madhi_math/additional/lp_relationship_provenance_shard_43.json
A	data/input_artifacts/madhi_math/additional/lp_relationship_provenance_shard_44.json
A	data/input_artifacts/madhi_math/additional/lp_relationship_provenance_shard_45.json
A	data/input_artifacts/madhi_math/additional/lp_relationship_provenance_shard_46.json
A	data/input_artifacts/madhi_math/additional/lp_relationship_provenance_shard_47.json
A	data/input_artifacts/madhi_math/additional/lp_relationship_provenance_shard_48.json
A	data/input_artifacts/madhi_math/additional/lp_relationship_provenance_shard_49.json
A	data/input_artifacts/madhi_math/additional/lp_relationship_provenance_shard_50.json
A	data/input_artifacts/madhi_math/additional/lp_relationship_provenance_shard_51.json
A	data/input_artifacts/madhi_math/additional/lp_relationship_provenance_shard_52.json
A	data/input_artifacts/madhi_math/additional/lp_relationship_provenance_shard_53.json
A	data/input_artifacts/madhi_math/additional/lp_relationship_provenance_shard_54.json
A	data/input_artifacts/madhi_math/additional/lp_relationship_provenance_shard_55.json
A	data/input_artifacts/madhi_math/additional/lp_relationship_provenance_shard_56.json
A	data/input_artifacts/madhi_math/additional/lp_relationship_provenance_shard_57.json
A	data/input_artifacts/madhi_math/additional/lp_relationship_provenance_shard_58.json
A	data/input_artifacts/madhi_math/additional/lp_relationship_provenance_shard_59.json
A	data/input_artifacts/madhi_math/additional/lp_relationship_provenance_shard_60.json
A	data/input_artifacts/madhi_math/additional/lp_relationship_provenance_shard_61.json
A	data/input_artifacts/madhi_math/additional/lp_relationship_provenance_shard_62.json
A	data/input_artifacts/madhi_math/additional/lp_relationship_provenance_shard_63.json
R100	data/input_artifacts/madhi_math/delivery/as_lc_nodes_madhi_math.jsonl	data/input_artifacts/madhi_math/delivery/as_lc_lp_nodes_india-tamil-nadu-tnscert-mathematics-classes-1-5.jsonl
A	data/input_artifacts/madhi_math/delivery/as_lc_lp_relationships_india-tamil-nadu-tnscert-mathematics-classes-1-5.jsonl
D	data/input_artifacts/madhi_math/delivery/as_lc_relationships_madhi_math.jsonl
M	data/input_artifacts/madhi_math/detailed/as_entity_provenance.json
M	data/input_artifacts/madhi_math/detailed/as_kg_bundle.json
M	data/input_artifacts/madhi_math/detailed/as_lc_kg_bundle.json
M	data/input_artifacts/madhi_math/detailed/as_lc_validation_report.json
A	data/input_artifacts/madhi_math/detailed/lp_final_claims.json
A	data/input_artifacts/madhi_math/detailed/lp_generation_summary.json
A	data/input_artifacts/madhi_math/detailed/lp_normalization_receipt.json
A	data/input_artifacts/madhi_math/detailed/lp_relationship_provenance.json
A	data/input_artifacts/madhi_math/detailed/lp_relationship_provenance_index.json
A	data/input_artifacts/madhi_math/detailed/lp_relationships_builds_towards.jsonl
A	data/input_artifacts/madhi_math/detailed/lp_relationships_relates_to.jsonl
A	data/input_artifacts/madhi_math/detailed/lp_unresolved_items.json
A	data/input_artifacts/madhi_math/detailed/lp_validation_report.json
M	data/input_artifacts/madhi_math/package_build.json
A	data/input_artifacts/nigeria_math/additional/lp_relationship_provenance_shard_00.json
A	data/input_artifacts/nigeria_math/additional/lp_relationship_provenance_shard_01.json
A	data/input_artifacts/nigeria_math/additional/lp_relationship_provenance_shard_02.json
A	data/input_artifacts/nigeria_math/additional/lp_relationship_provenance_shard_03.json
A	data/input_artifacts/nigeria_math/additional/lp_relationship_provenance_shard_04.json
A	data/input_artifacts/nigeria_math/additional/lp_relationship_provenance_shard_05.json
A	data/input_artifacts/nigeria_math/additional/lp_relationship_provenance_shard_06.json
A	data/input_artifacts/nigeria_math/additional/lp_relationship_provenance_shard_07.json
A	data/input_artifacts/nigeria_math/additional/lp_relationship_provenance_shard_08.json
A	data/input_artifacts/nigeria_math/additional/lp_relationship_provenance_shard_09.json
A	data/input_artifacts/nigeria_math/additional/lp_relationship_provenance_shard_10.json
A	data/input_artifacts/nigeria_math/additional/lp_relationship_provenance_shard_11.json
A	data/input_artifacts/nigeria_math/additional/lp_relationship_provenance_shard_12.json
A	data/input_artifacts/nigeria_math/additional/lp_relationship_provenance_shard_13.json
A	data/input_artifacts/nigeria_math/additional/lp_relationship_provenance_shard_14.json
A	data/input_artifacts/nigeria_math/additional/lp_relationship_provenance_shard_15.json
A	data/input_artifacts/nigeria_math/additional/lp_relationship_provenance_shard_16.json
A	data/input_artifacts/nigeria_math/additional/lp_relationship_provenance_shard_17.json
A	data/input_artifacts/nigeria_math/additional/lp_relationship_provenance_shard_18.json
A	data/input_artifacts/nigeria_math/additional/lp_relationship_provenance_shard_19.json
A	data/input_artifacts/nigeria_math/additional/lp_relationship_provenance_shard_20.json
A	data/input_artifacts/nigeria_math/additional/lp_relationship_provenance_shard_21.json
A	data/input_artifacts/nigeria_math/additional/lp_relationship_provenance_shard_22.json
A	data/input_artifacts/nigeria_math/additional/lp_relationship_provenance_shard_23.json
A	data/input_artifacts/nigeria_math/additional/lp_relationship_provenance_shard_24.json
A	data/input_artifacts/nigeria_math/additional/lp_relationship_provenance_shard_25.json
A	data/input_artifacts/nigeria_math/additional/lp_relationship_provenance_shard_26.json
A	data/input_artifacts/nigeria_math/additional/lp_relationship_provenance_shard_27.json
A	data/input_artifacts/nigeria_math/additional/lp_relationship_provenance_shard_28.json
A	data/input_artifacts/nigeria_math/additional/lp_relationship_provenance_shard_29.json
A	data/input_artifacts/nigeria_math/additional/lp_relationship_provenance_shard_30.json
A	data/input_artifacts/nigeria_math/additional/lp_relationship_provenance_shard_31.json
A	data/input_artifacts/nigeria_math/additional/lp_relationship_provenance_shard_32.json
A	data/input_artifacts/nigeria_math/additional/lp_relationship_provenance_shard_33.json
A	data/input_artifacts/nigeria_math/additional/lp_relationship_provenance_shard_34.json
A	data/input_artifacts/nigeria_math/additional/lp_relationship_provenance_shard_35.json
A	data/input_artifacts/nigeria_math/additional/lp_relationship_provenance_shard_36.json
A	data/input_artifacts/nigeria_math/additional/lp_relationship_provenance_shard_37.json
A	data/input_artifacts/nigeria_math/additional/lp_relationship_provenance_shard_38.json
A	data/input_artifacts/nigeria_math/additional/lp_relationship_provenance_shard_39.json
A	data/input_artifacts/nigeria_math/additional/lp_relationship_provenance_shard_40.json
A	data/input_artifacts/nigeria_math/additional/lp_relationship_provenance_shard_41.json
A	data/input_artifacts/nigeria_math/additional/lp_relationship_provenance_shard_42.json
A	data/input_artifacts/nigeria_math/additional/lp_relationship_provenance_shard_43.json
A	data/input_artifacts/nigeria_math/additional/lp_relationship_provenance_shard_44.json
A	data/input_artifacts/nigeria_math/additional/lp_relationship_provenance_shard_45.json
A	data/input_artifacts/nigeria_math/additional/lp_relationship_provenance_shard_46.json
A	data/input_artifacts/nigeria_math/additional/lp_relationship_provenance_shard_47.json
A	data/input_artifacts/nigeria_math/additional/lp_relationship_provenance_shard_48.json
A	data/input_artifacts/nigeria_math/additional/lp_relationship_provenance_shard_49.json
A	data/input_artifacts/nigeria_math/additional/lp_relationship_provenance_shard_50.json
A	data/input_artifacts/nigeria_math/additional/lp_relationship_provenance_shard_51.json
A	data/input_artifacts/nigeria_math/additional/lp_relationship_provenance_shard_52.json
A	data/input_artifacts/nigeria_math/additional/lp_relationship_provenance_shard_53.json
A	data/input_artifacts/nigeria_math/additional/lp_relationship_provenance_shard_54.json
A	data/input_artifacts/nigeria_math/additional/lp_relationship_provenance_shard_55.json
A	data/input_artifacts/nigeria_math/additional/lp_relationship_provenance_shard_56.json
A	data/input_artifacts/nigeria_math/additional/lp_relationship_provenance_shard_57.json
A	data/input_artifacts/nigeria_math/additional/lp_relationship_provenance_shard_58.json
A	data/input_artifacts/nigeria_math/additional/lp_relationship_provenance_shard_59.json
A	data/input_artifacts/nigeria_math/additional/lp_relationship_provenance_shard_60.json
A	data/input_artifacts/nigeria_math/additional/lp_relationship_provenance_shard_61.json
A	data/input_artifacts/nigeria_math/additional/lp_relationship_provenance_shard_62.json
A	data/input_artifacts/nigeria_math/additional/lp_relationship_provenance_shard_63.json
R100	data/input_artifacts/nigeria_math/delivery/as_lc_nodes_nigeria_math.jsonl	data/input_artifacts/nigeria_math/delivery/as_lc_lp_nodes_nigeria-nerdc-mathematics-primary-1-3.jsonl
A	data/input_artifacts/nigeria_math/delivery/as_lc_lp_relationships_nigeria-nerdc-mathematics-primary-1-3.jsonl
D	data/input_artifacts/nigeria_math/delivery/as_lc_relationships_nigeria_math.jsonl
M	data/input_artifacts/nigeria_math/detailed/as_kg_bundle.json
M	data/input_artifacts/nigeria_math/detailed/as_lc_kg_bundle.json
M	data/input_artifacts/nigeria_math/detailed/as_lc_validation_report.json
A	data/input_artifacts/nigeria_math/detailed/lp_final_claims.json
A	data/input_artifacts/nigeria_math/detailed/lp_generation_summary.json
A	data/input_artifacts/nigeria_math/detailed/lp_normalization_receipt.json
A	data/input_artifacts/nigeria_math/detailed/lp_relationship_provenance.json
A	data/input_artifacts/nigeria_math/detailed/lp_relationship_provenance_index.json
A	data/input_artifacts/nigeria_math/detailed/lp_relationships_builds_towards.jsonl
A	data/input_artifacts/nigeria_math/detailed/lp_relationships_relates_to.jsonl
A	data/input_artifacts/nigeria_math/detailed/lp_unresolved_items.json
A	data/input_artifacts/nigeria_math/detailed/lp_validation_report.json
M	data/input_artifacts/nigeria_math/package_build.json
A	data/input_artifacts/pratham_science/additional/lp_relationship_provenance_shard_00.json
A	data/input_artifacts/pratham_science/additional/lp_relationship_provenance_shard_01.json
A	data/input_artifacts/pratham_science/additional/lp_relationship_provenance_shard_02.json
A	data/input_artifacts/pratham_science/additional/lp_relationship_provenance_shard_03.json
A	data/input_artifacts/pratham_science/additional/lp_relationship_provenance_shard_04.json
A	data/input_artifacts/pratham_science/additional/lp_relationship_provenance_shard_05.json
A	data/input_artifacts/pratham_science/additional/lp_relationship_provenance_shard_06.json
A	data/input_artifacts/pratham_science/additional/lp_relationship_provenance_shard_07.json
A	data/input_artifacts/pratham_science/additional/lp_relationship_provenance_shard_08.json
A	data/input_artifacts/pratham_science/additional/lp_relationship_provenance_shard_09.json
A	data/input_artifacts/pratham_science/additional/lp_relationship_provenance_shard_10.json
A	data/input_artifacts/pratham_science/additional/lp_relationship_provenance_shard_11.json
A	data/input_artifacts/pratham_science/additional/lp_relationship_provenance_shard_12.json
A	data/input_artifacts/pratham_science/additional/lp_relationship_provenance_shard_13.json
A	data/input_artifacts/pratham_science/additional/lp_relationship_provenance_shard_14.json
A	data/input_artifacts/pratham_science/additional/lp_relationship_provenance_shard_15.json
A	data/input_artifacts/pratham_science/additional/lp_relationship_provenance_shard_16.json
A	data/input_artifacts/pratham_science/additional/lp_relationship_provenance_shard_17.json
A	data/input_artifacts/pratham_science/additional/lp_relationship_provenance_shard_18.json
A	data/input_artifacts/pratham_science/additional/lp_relationship_provenance_shard_19.json
A	data/input_artifacts/pratham_science/additional/lp_relationship_provenance_shard_20.json
A	data/input_artifacts/pratham_science/additional/lp_relationship_provenance_shard_21.json
A	data/input_artifacts/pratham_science/additional/lp_relationship_provenance_shard_22.json
A	data/input_artifacts/pratham_science/additional/lp_relationship_provenance_shard_23.json
A	data/input_artifacts/pratham_science/additional/lp_relationship_provenance_shard_24.json
A	data/input_artifacts/pratham_science/additional/lp_relationship_provenance_shard_25.json
A	data/input_artifacts/pratham_science/additional/lp_relationship_provenance_shard_26.json
A	data/input_artifacts/pratham_science/additional/lp_relationship_provenance_shard_27.json
A	data/input_artifacts/pratham_science/additional/lp_relationship_provenance_shard_28.json
A	data/input_artifacts/pratham_science/additional/lp_relationship_provenance_shard_29.json
A	data/input_artifacts/pratham_science/additional/lp_relationship_provenance_shard_30.json
A	data/input_artifacts/pratham_science/additional/lp_relationship_provenance_shard_31.json
A	data/input_artifacts/pratham_science/additional/lp_relationship_provenance_shard_32.json
A	data/input_artifacts/pratham_science/additional/lp_relationship_provenance_shard_33.json
A	data/input_artifacts/pratham_science/additional/lp_relationship_provenance_shard_34.json
A	data/input_artifacts/pratham_science/additional/lp_relationship_provenance_shard_35.json
A	data/input_artifacts/pratham_science/additional/lp_relationship_provenance_shard_36.json
A	data/input_artifacts/pratham_science/additional/lp_relationship_provenance_shard_37.json
A	data/input_artifacts/pratham_science/additional/lp_relationship_provenance_shard_38.json
A	data/input_artifacts/pratham_science/additional/lp_relationship_provenance_shard_39.json
A	data/input_artifacts/pratham_science/additional/lp_relationship_provenance_shard_40.json
A	data/input_artifacts/pratham_science/additional/lp_relationship_provenance_shard_41.json
A	data/input_artifacts/pratham_science/additional/lp_relationship_provenance_shard_42.json
A	data/input_artifacts/pratham_science/additional/lp_relationship_provenance_shard_43.json
A	data/input_artifacts/pratham_science/additional/lp_relationship_provenance_shard_44.json
A	data/input_artifacts/pratham_science/additional/lp_relationship_provenance_shard_45.json
A	data/input_artifacts/pratham_science/additional/lp_relationship_provenance_shard_46.json
A	data/input_artifacts/pratham_science/additional/lp_relationship_provenance_shard_47.json
A	data/input_artifacts/pratham_science/additional/lp_relationship_provenance_shard_48.json
A	data/input_artifacts/pratham_science/additional/lp_relationship_provenance_shard_49.json
A	data/input_artifacts/pratham_science/additional/lp_relationship_provenance_shard_50.json
A	data/input_artifacts/pratham_science/additional/lp_relationship_provenance_shard_51.json
A	data/input_artifacts/pratham_science/additional/lp_relationship_provenance_shard_52.json
A	data/input_artifacts/pratham_science/additional/lp_relationship_provenance_shard_53.json
A	data/input_artifacts/pratham_science/additional/lp_relationship_provenance_shard_54.json
A	data/input_artifacts/pratham_science/additional/lp_relationship_provenance_shard_55.json
A	data/input_artifacts/pratham_science/additional/lp_relationship_provenance_shard_56.json
A	data/input_artifacts/pratham_science/additional/lp_relationship_provenance_shard_57.json
A	data/input_artifacts/pratham_science/additional/lp_relationship_provenance_shard_58.json
A	data/input_artifacts/pratham_science/additional/lp_relationship_provenance_shard_59.json
A	data/input_artifacts/pratham_science/additional/lp_relationship_provenance_shard_60.json
A	data/input_artifacts/pratham_science/additional/lp_relationship_provenance_shard_61.json
A	data/input_artifacts/pratham_science/additional/lp_relationship_provenance_shard_62.json
A	data/input_artifacts/pratham_science/additional/lp_relationship_provenance_shard_63.json
R100	data/input_artifacts/pratham_science/delivery/as_lc_nodes_pratham_science.jsonl	data/input_artifacts/pratham_science/delivery/as_lc_lp_nodes_india-cbse-science-learning-framework-classes-9-10.jsonl
A	data/input_artifacts/pratham_science/delivery/as_lc_lp_relationships_india-cbse-science-learning-framework-classes-9-10.jsonl
D	data/input_artifacts/pratham_science/delivery/as_lc_relationships_pratham_science.jsonl
M	data/input_artifacts/pratham_science/detailed/as_entity_provenance.json
M	data/input_artifacts/pratham_science/detailed/as_kg_bundle.json
M	data/input_artifacts/pratham_science/detailed/as_lc_kg_bundle.json
M	data/input_artifacts/pratham_science/detailed/as_lc_validation_report.json
A	data/input_artifacts/pratham_science/detailed/lp_final_claims.json
A	data/input_artifacts/pratham_science/detailed/lp_generation_summary.json
A	data/input_artifacts/pratham_science/detailed/lp_normalization_receipt.json
A	data/input_artifacts/pratham_science/detailed/lp_relationship_provenance.json
A	data/input_artifacts/pratham_science/detailed/lp_relationship_provenance_index.json
A	data/input_artifacts/pratham_science/detailed/lp_relationships_builds_towards.jsonl
A	data/input_artifacts/pratham_science/detailed/lp_relationships_relates_to.jsonl
A	data/input_artifacts/pratham_science/detailed/lp_unresolved_items.json
A	data/input_artifacts/pratham_science/detailed/lp_validation_report.json
M	data/input_artifacts/pratham_science/package_build.json
A	data/input_artifacts/rwanda_math/additional/lp_relationship_provenance_shard_00.json
A	data/input_artifacts/rwanda_math/additional/lp_relationship_provenance_shard_01.json
A	data/input_artifacts/rwanda_math/additional/lp_relationship_provenance_shard_02.json
A	data/input_artifacts/rwanda_math/additional/lp_relationship_provenance_shard_03.json
A	data/input_artifacts/rwanda_math/additional/lp_relationship_provenance_shard_04.json
A	data/input_artifacts/rwanda_math/additional/lp_relationship_provenance_shard_05.json
A	data/input_artifacts/rwanda_math/additional/lp_relationship_provenance_shard_06.json
A	data/input_artifacts/rwanda_math/additional/lp_relationship_provenance_shard_07.json
A	data/input_artifacts/rwanda_math/additional/lp_relationship_provenance_shard_08.json
A	data/input_artifacts/rwanda_math/additional/lp_relationship_provenance_shard_09.json
A	data/input_artifacts/rwanda_math/additional/lp_relationship_provenance_shard_10.json
A	data/input_artifacts/rwanda_math/additional/lp_relationship_provenance_shard_11.json
A	data/input_artifacts/rwanda_math/additional/lp_relationship_provenance_shard_12.json
A	data/input_artifacts/rwanda_math/additional/lp_relationship_provenance_shard_13.json
A	data/input_artifacts/rwanda_math/additional/lp_relationship_provenance_shard_14.json
A	data/input_artifacts/rwanda_math/additional/lp_relationship_provenance_shard_15.json
A	data/input_artifacts/rwanda_math/additional/lp_relationship_provenance_shard_16.json
A	data/input_artifacts/rwanda_math/additional/lp_relationship_provenance_shard_17.json
A	data/input_artifacts/rwanda_math/additional/lp_relationship_provenance_shard_18.json
A	data/input_artifacts/rwanda_math/additional/lp_relationship_provenance_shard_19.json
A	data/input_artifacts/rwanda_math/additional/lp_relationship_provenance_shard_20.json
A	data/input_artifacts/rwanda_math/additional/lp_relationship_provenance_shard_21.json
A	data/input_artifacts/rwanda_math/additional/lp_relationship_provenance_shard_22.json
A	data/input_artifacts/rwanda_math/additional/lp_relationship_provenance_shard_23.json
A	data/input_artifacts/rwanda_math/additional/lp_relationship_provenance_shard_24.json
A	data/input_artifacts/rwanda_math/additional/lp_relationship_provenance_shard_25.json
A	data/input_artifacts/rwanda_math/additional/lp_relationship_provenance_shard_26.json
A	data/input_artifacts/rwanda_math/additional/lp_relationship_provenance_shard_27.json
A	data/input_artifacts/rwanda_math/additional/lp_relationship_provenance_shard_28.json
A	data/input_artifacts/rwanda_math/additional/lp_relationship_provenance_shard_29.json
A	data/input_artifacts/rwanda_math/additional/lp_relationship_provenance_shard_30.json
A	data/input_artifacts/rwanda_math/additional/lp_relationship_provenance_shard_31.json
A	data/input_artifacts/rwanda_math/additional/lp_relationship_provenance_shard_32.json
A	data/input_artifacts/rwanda_math/additional/lp_relationship_provenance_shard_33.json
A	data/input_artifacts/rwanda_math/additional/lp_relationship_provenance_shard_34.json
A	data/input_artifacts/rwanda_math/additional/lp_relationship_provenance_shard_35.json
A	data/input_artifacts/rwanda_math/additional/lp_relationship_provenance_shard_36.json
A	data/input_artifacts/rwanda_math/additional/lp_relationship_provenance_shard_37.json
A	data/input_artifacts/rwanda_math/additional/lp_relationship_provenance_shard_38.json
A	data/input_artifacts/rwanda_math/additional/lp_relationship_provenance_shard_39.json
A	data/input_artifacts/rwanda_math/additional/lp_relationship_provenance_shard_40.json
A	data/input_artifacts/rwanda_math/additional/lp_relationship_provenance_shard_41.json
A	data/input_artifacts/rwanda_math/additional/lp_relationship_provenance_shard_42.json
A	data/input_artifacts/rwanda_math/additional/lp_relationship_provenance_shard_43.json
A	data/input_artifacts/rwanda_math/additional/lp_relationship_provenance_shard_44.json
A	data/input_artifacts/rwanda_math/additional/lp_relationship_provenance_shard_45.json
A	data/input_artifacts/rwanda_math/additional/lp_relationship_provenance_shard_46.json
A	data/input_artifacts/rwanda_math/additional/lp_relationship_provenance_shard_47.json
A	data/input_artifacts/rwanda_math/additional/lp_relationship_provenance_shard_48.json
A	data/input_artifacts/rwanda_math/additional/lp_relationship_provenance_shard_49.json
A	data/input_artifacts/rwanda_math/additional/lp_relationship_provenance_shard_50.json
A	data/input_artifacts/rwanda_math/additional/lp_relationship_provenance_shard_51.json
A	data/input_artifacts/rwanda_math/additional/lp_relationship_provenance_shard_52.json
A	data/input_artifacts/rwanda_math/additional/lp_relationship_provenance_shard_53.json
A	data/input_artifacts/rwanda_math/additional/lp_relationship_provenance_shard_54.json
A	data/input_artifacts/rwanda_math/additional/lp_relationship_provenance_shard_55.json
A	data/input_artifacts/rwanda_math/additional/lp_relationship_provenance_shard_56.json
A	data/input_artifacts/rwanda_math/additional/lp_relationship_provenance_shard_57.json
A	data/input_artifacts/rwanda_math/additional/lp_relationship_provenance_shard_58.json
A	data/input_artifacts/rwanda_math/additional/lp_relationship_provenance_shard_59.json
A	data/input_artifacts/rwanda_math/additional/lp_relationship_provenance_shard_60.json
A	data/input_artifacts/rwanda_math/additional/lp_relationship_provenance_shard_61.json
A	data/input_artifacts/rwanda_math/additional/lp_relationship_provenance_shard_62.json
A	data/input_artifacts/rwanda_math/additional/lp_relationship_provenance_shard_63.json
R100	data/input_artifacts/rwanda_math/delivery/as_lc_nodes_rwanda_math.jsonl	data/input_artifacts/rwanda_math/delivery/as_lc_lp_nodes_rwanda-reb-mathematics-lower-primary-1-3.jsonl
A	data/input_artifacts/rwanda_math/delivery/as_lc_lp_relationships_rwanda-reb-mathematics-lower-primary-1-3.jsonl
D	data/input_artifacts/rwanda_math/delivery/as_lc_relationships_rwanda_math.jsonl
M	data/input_artifacts/rwanda_math/detailed/as_entity_provenance.json
M	data/input_artifacts/rwanda_math/detailed/as_kg_bundle.json
M	data/input_artifacts/rwanda_math/detailed/as_lc_kg_bundle.json
M	data/input_artifacts/rwanda_math/detailed/as_lc_validation_report.json
A	data/input_artifacts/rwanda_math/detailed/lp_final_claims.json
A	data/input_artifacts/rwanda_math/detailed/lp_generation_summary.json
A	data/input_artifacts/rwanda_math/detailed/lp_normalization_receipt.json
A	data/input_artifacts/rwanda_math/detailed/lp_relationship_provenance.json
A	data/input_artifacts/rwanda_math/detailed/lp_relationship_provenance_index.json
A	data/input_artifacts/rwanda_math/detailed/lp_relationships_builds_towards.jsonl
A	data/input_artifacts/rwanda_math/detailed/lp_relationships_relates_to.jsonl
A	data/input_artifacts/rwanda_math/detailed/lp_unresolved_items.json
A	data/input_artifacts/rwanda_math/detailed/lp_validation_report.json
M	data/input_artifacts/rwanda_math/package_build.json
M	docs/architecture.md
M	docs/concepts.md
M	docs/data/framework-catalog.md
M	docs/data/graph-packages.md
M	docs/data/manifest.md
M	docs/data/profiles.md
M	docs/data/prompt-configs.md
M	docs/data/rights-and-provenance.md
M	docs/data/validation.md
M	docs/development/framework-package.md
M	docs/development/index.md
M	docs/development/testing.md
M	docs/getting-started/first-queries.md
M	docs/getting-started/index.md
M	docs/guides/comparison.md
M	docs/guides/framework-discovery.md
M	docs/guides/hierarchy-context.md
M	docs/guides/progression.md
M	docs/guides/prompts.md
M	docs/guides/resources.md
M	docs/index.md
M	docs/operations/cli.md
M	docs/operations/mcpb.md
M	docs/operations/troubleshooting.md
M	docs/reference/framework-tools.md
M	docs/reference/index.md
M	docs/reference/progression-tool.md
M	docs/reference/prompts.md
M	docs/reference/protocol-behavior.md
M	docs/reference/resources.md
M	mkdocs.yml
M	packaging/mcpb/README.md
M	packaging/mcpb/manifest.json
